"Code du département";"Libellé du département";"Code de la collectivité à statut particulier";"Libellé de la collectivité à statut particulier";"Code de la circonscription législative";"Libellé de la circonscription législative";"Nom de l'élu";"Prénom de l'élu";"Code sexe";"Date de naissance";"Code de la catégorie socio-professionnelle";"Libellé de la catégorie socio-professionnelle";"Date de début du mandat"
1;"Ain";;;101;"1Ère Circonscription";"BRETON";"Xavier";"M";25/11/62;33;"Cadre de la fonction publique";08/07/24
1;"Ain";;;102;"2Ème Circonscription";"DAUBIÉ";"Romain";"M";05/05/80;31;"Profession libérale";08/07/24
1;"Ain";;;103;"3Ème Circonscription";"GIVERNET";"Olga";"F";17/10/81;38;"Ingénieur et cadre technique d'entreprise";24/01/25
1;"Ain";;;104;"4Ème Circonscription";"BUISSON";"Jérôme";"M";15/01/73;34;"Professeur, profession scientifique";08/07/24
1;"Ain";;;105;"5Ème Circonscription";"CHAVENT";"Marc";"M";28/06/68;85;"Personne diverse sans activité professionnelle de moins de 60 ans (sauf retraité)";08/07/24
2;"Aisne";;;201;"1Ère Circonscription";"DRAGON";"Nicolas";"M";19/04/77;33;"Cadre de la fonction publique";01/07/24
2;"Aisne";;;202;"2Ème Circonscription";"DIVE";"Julien";"M";21/05/85;45;"Profession intermédiaire administrative de la fonction publique";08/07/24
2;"Aisne";;;203;"3Ème Circonscription";"CASTERMAN";"Eddy";"M";28/07/96;37;"Cadre administratif et commercial d'entreprise";01/07/24
2;"Aisne";;;204;"4Ème Circonscription";"BEAURAIN";"José";"M";27/07/71;33;"Cadre de la fonction publique";01/07/24
2;"Aisne";;;205;"5Ème Circonscription";"DESSIGNY";"Jocelyn";"M";29/06/81;23;"Chef d'entreprise de 10 salariés ou plus";01/07/24
3;"Allier";;;301;"1Ère Circonscription";"MONNET";"Yannick";"M";07/10/75;33;"Cadre de la fonction publique";08/07/24
3;"Allier";;;302;"2Ème Circonscription";"BOVET";"Jorys";"M";30/03/93;77;"Ancien employé";08/07/24
3;"Allier";;;303;"3Ème Circonscription";"RAY";"Nicolas";"M";14/05/81;33;"Cadre de la fonction publique";08/07/24
4;"Alpes-De-Haute-Provence";;;401;"1Ère Circonscription";"GIRARD";"Christian";"M";07/05/52;74;"Ancien cadre";08/07/24
4;"Alpes-De-Haute-Provence";;;402;"2Ème Circonscription";"VAGINAY";"Sophie";"F";18/12/69;37;"Cadre administratif et commercial d'entreprise";08/07/24
5;"Hautes-Alpes";;;501;"1Ère Circonscription";"ALLEMAND";"Marie-José";"F";27/01/70;12;"Agriculteur sur moyenne exploitation";08/07/24
5;"Hautes-Alpes";;;502;"2Ème Circonscription";"ROSSI";"Valérie";"F";05/06/64;37;"Cadre administratif et commercial d'entreprise";08/07/24
6;"Alpes-Maritimes";;;601;"1Ère Circonscription";"CIOTTI";"Eric";"M";28/09/65;33;"Cadre de la fonction publique";08/07/24
6;"Alpes-Maritimes";;;602;"2Ème Circonscription";"TIVOLI";"Lionel";"M";29/02/88;23;"Chef d'entreprise de 10 salariés ou plus";08/07/24
6;"Alpes-Maritimes";;;603;"3Ème Circonscription";"CHAIX";"Bernard";"M";06/01/65;22;"Commerçant et assimilé";08/07/24
6;"Alpes-Maritimes";;;604;"4Ème Circonscription";"TOMATIS";"Gabriel";"M";02/11/99;46;"Profession intermédiaire administrative et commerciale des entreprises";22/04/26
6;"Alpes-Maritimes";;;605;"5Ème Circonscription";"D'INTORNI";"Christelle";"F";02/05/85;31;"Profession libérale";01/07/24
6;"Alpes-Maritimes";;;606;"6Ème Circonscription";"TRIBUIANI";"Cyril";"M";25/07/81;55;"Employé de commerce";02/04/26
6;"Alpes-Maritimes";;;607;"7Ème Circonscription";"PAUGET";"Eric";"M";18/08/70;37;"Cadre administratif et commercial d'entreprise";08/07/24
6;"Alpes-Maritimes";;;608;"8Ème Circonscription";"MARTIN";"Alexandra";"F";25/10/68;85;"Personne diverse sans activité professionnelle de moins de 60 ans (sauf retraité)";08/07/24
6;"Alpes-Maritimes";;;609;"9Ème Circonscription";"TABAROT";"Michèle";"F";13/10/62;72;"Ancien artisan, commerçant, chef d'entreprise";08/07/24
7;"Ardèche";;;701;"1Ère Circonscription";"SAULIGNAC";"Hervé";"M";06/11/70;33;"Cadre de la fonction publique";08/07/24
7;"Ardèche";;;702;"2Ème Circonscription";"TREBUCHET";"Vincent";"M";05/07/88;37;"Cadre administratif et commercial d'entreprise";08/07/24
7;"Ardèche";;;703;"3Ème Circonscription";"BRUN";"Fabrice";"M";02/04/68;22;"Commerçant et assimilé";08/07/24
8;"Ardennes";;;801;"1Ère Circonscription";"VUIBERT";"Lionel";"M";31/08/68;37;"Cadre administratif et commercial d'entreprise";09/12/24
8;"Ardennes";;;802;"2Ème Circonscription";"CORDIER";"Pierre";"M";27/05/72;33;"Cadre de la fonction publique";08/07/24
8;"Ardennes";;;803;"3Ème Circonscription";"WARSMANN";"Jean-Luc";"M";22/10/65;37;"Cadre administratif et commercial d'entreprise";08/07/24
9;"Ariège";;;901;"1Ère Circonscription";"FROGER";"Martine";"F";11/06/61;23;"Chef d'entreprise de 10 salariés ou plus";01/07/24
9;"Ariège";;;902;"2Ème Circonscription";"ABADIE";"Audrey";"F";16/11/74;34;"Professeur, profession scientifique";13/11/25
10;"Aube";;;1001;"1Ère Circonscription";"GUITTON";"Jordan";"M";30/01/95;33;"Cadre de la fonction publique";01/07/24
10;"Aube";;;1002;"2Ème Circonscription";"BAZIN-MALGRAS";"Valérie";"F";31/10/69;33;"Cadre de la fonction publique";08/07/24
10;"Aube";;;1003;"3Ème Circonscription";"RANC";"Angélique";"F";16/03/88;33;"Cadre de la fonction publique";08/07/24
11;"Aude";;;10001;"1Ère Circonscription";"JORDAN";"Edouard";"M";06/11/87;33;"Cadre de la fonction publique";21/04/26
11;"Aude";;;1102;"2Ème Circonscription";"FALCON";"Frédéric";"M";23/11/85;22;"Commerçant et assimilé";08/07/24
11;"Aude";;;1103;"3Ème Circonscription";"RANCOULE";"Julien";"M";31/07/93;31;"Profession libérale";08/07/24
12;"Aveyron";;;1201;"1Ère Circonscription";"MAZARS";"Stéphane";"M";25/03/69;31;"Profession libérale";08/07/24
12;"Aveyron";;;1202;"2Ème Circonscription";"ALEXANDRE";"Laurent";"M";09/06/73;67;"Ouvrier non qualifié de type industriel";08/07/24
12;"Aveyron";;;1203;"3Ème Circonscription";"ROUSSET";"Jean-François";"M";09/09/52;72;"Ancien artisan, commerçant, chef d'entreprise";08/07/24
13;"Bouches-Du-Rhône";;;1301;"1Ère Circonscription";"GRISETI";"Monique";"F";23/07/60;22;"Commerçant et assimilé";08/07/24
13;"Bouches-Du-Rhône";;;1302;"2Ème Circonscription";"LHARDIT";"Laurent";"M";20/04/63;31;"Profession libérale";08/07/24
13;"Bouches-Du-Rhône";;;1303;"3Ème Circonscription";"LELOUIS";"Gisèle";"F";10/03/52;33;"Cadre de la fonction publique";08/07/24
13;"Bouches-Du-Rhône";;;1304;"4Ème Circonscription";"BOMPARD";"Manuel";"M";30/03/86;38;"Ingénieur et cadre technique d'entreprise";01/07/24
13;"Bouches-Du-Rhône";;;1305;"5Ème Circonscription";"DAVI";"Hendrik";"M";21/12/77;34;"Professeur, profession scientifique";08/07/24
13;"Bouches-Du-Rhône";;;1306;"6Ème Circonscription";"FAYSSAT";"Olivier";"M";24/03/68;55;"Employé de commerce";08/07/24
13;"Bouches-Du-Rhône";;;1307;"7Ème Circonscription";"DELOGU";"Sébastien";"M";08/06/87;86;"Personne diverse sans activité professionnelle de 60 ans et plus (sauf retraité)";01/07/24
13;"Bouches-Du-Rhône";;;1308;"8Ème Circonscription";"TONUSSI";"Romain";"M";09/04/96;33;"Cadre de la fonction publique";08/07/24
13;"Bouches-Du-Rhône";;;1309;"9Ème Circonscription";"MELIN";"Joëlle";"F";26/03/50;33;"Cadre de la fonction publique";08/07/24
13;"Bouches-Du-Rhône";;;1310;"10Ème Circonscription";"GONZALEZ";"José";"M";28/04/43;77;"Ancien employé";08/07/24
13;"Bouches-Du-Rhône";;;1311;"11Ème Circonscription";"PENA";"Marc";"M";07/05/60;34;"Professeur, profession scientifique";08/07/24
13;"Bouches-Du-Rhône";;;1312;"12Ème Circonscription";"ALLISIO";"Franck";"M";04/08/80;31;"Profession libérale";01/07/24
13;"Bouches-Du-Rhône";;;1313;"13Ème Circonscription";"FOUQUART";"Emmanuel";"M";30/07/66;86;"Personne diverse sans activité professionnelle de 60 ans et plus (sauf retraité)";08/07/24
13;"Bouches-Du-Rhône";;;1314;"14Ème Circonscription";"VERNY";"Gérault";"M";23/12/84;23;"Chef d'entreprise de 10 salariés ou plus";08/07/24
13;"Bouches-Du-Rhône";;;1315;"15Ème Circonscription";"BAUBRY";"Romain";"M";28/01/89;53;"Policier et militaire";08/07/24
13;"Bouches-Du-Rhône";;;1316;"16Ème Circonscription";"TACHE";"Emmanuel";"M";20/02/75;85;"Personne diverse sans activité professionnelle de moins de 60 ans (sauf retraité)";08/07/24
14;"Calvados";;;1401;"1Ère Circonscription";"BRUNEAU";"Joël";"M";07/09/63;33;"Cadre de la fonction publique";08/07/24
14;"Calvados";;;1402;"2Ème Circonscription";"DELAPORTE";"Arthur";"M";07/10/91;34;"Professeur, profession scientifique";08/07/24
14;"Calvados";;;1403;"3Ème Circonscription";"PATRIER-LEITUS";"Jérémie";"M";07/03/89;33;"Cadre de la fonction publique";08/07/24
14;"Calvados";;;1404;"4Ème Circonscription";"BLANCHET";"Christophe";"M";09/04/73;72;"Ancien artisan, commerçant, chef d'entreprise";08/07/24
14;"Calvados";;;1405;"5Ème Circonscription";"BOUYX";"Bertrand";"M";26/05/70;31;"Profession libérale";08/07/24
14;"Calvados";;;1406;"6Ème Circonscription";"BORNE";"Elisabeth";"F";18/04/61;38;"Ingénieur et cadre technique d'entreprise";13/11/25
15;"Cantal";;;1501;"1Ère Circonscription";"DESCOEUR";"Vincent";"M";13/12/62;34;"Professeur, profession scientifique";08/07/24
15;"Cantal";;;1502;"2Ème Circonscription";"BONY";"Jean Yves";"M";11/03/55;86;"Personne diverse sans activité professionnelle de 60 ans et plus (sauf retraité)";08/07/24
16;"Charente";;;1601;"1Ère Circonscription";"PILATO";"René";"M";31/08/62;34;"Professeur, profession scientifique";08/07/24
16;"Charente";;;1602;"2Ème Circonscription";"MARSAUD";"Sandra";"F";02/01/74;74;"Ancien cadre";08/07/24
16;"Charente";;;1603;"3Ème Circonscription";"COLOMBIER";"Caroline";"F";22/08/57;74;"Ancien cadre";08/07/24
17;"Charente-Maritime";;;1701;"1Ère Circonscription";"FALORNI";"Olivier";"M";27/03/72;34;"Professeur, profession scientifique";08/07/24
17;"Charente-Maritime";;;1702;"2Ème Circonscription";"BITEAU";"Benoît";"M";07/04/67;12;"Agriculteur sur moyenne exploitation";08/07/24
17;"Charente-Maritime";;;1703;"3Ème Circonscription";"BARUSSEAU";"Fabrice";"M";01/06/70;34;"Professeur, profession scientifique";08/07/24
17;"Charente-Maritime";;;1704;"4Ème Circonscription";"MARKOWSKY";"Pascal";"M";22/07/54;72;"Ancien artisan, commerçant, chef d'entreprise";08/07/24
17;"Charente-Maritime";;;1705;"5Ème Circonscription";"PLASSARD";"Christophe";"M";19/11/67;74;"Ancien cadre";08/07/24
18;"Cher";;;1801;"1Ère Circonscription";"CORMIER-BOULIGEON";"François";"M";19/11/72;33;"Cadre de la fonction publique";08/07/24
18;"Cher";;;1802;"2Ème Circonscription";"SANSU";"Nicolas";"M";17/06/68;85;"Personne diverse sans activité professionnelle de moins de 60 ans (sauf retraité)";08/07/24
18;"Cher";;;1803;"3Ème Circonscription";"KERVRAN";"Loïc";"M";11/02/84;33;"Cadre de la fonction publique";08/07/24
19;"Corrèze";;;1901;"1Ère Circonscription";"HOLLANDE";"François";"M";12/08/54;74;"Ancien cadre";08/07/24
19;"Corrèze";;;1902;"2Ème Circonscription";"MEUNIER";"Frédérique";"F";08/12/60;31;"Profession libérale";08/07/24
21;"Côte-D'Or";;;2101;"1Ère Circonscription";"GODARD";"Océane";"F";22/11/82;37;"Cadre administratif et commercial d'entreprise";08/07/24
21;"Côte-D'Or";;;2102;"2Ème Circonscription";"HERVIEU";"Catherine";"F";09/05/58;77;"Ancien employé";08/07/24
21;"Côte-D'Or";;;2103;"3Ème Circonscription";"PRIBETICH";"Pierre";"M";28/12/56;34;"Professeur, profession scientifique";08/07/24
21;"Côte-D'Or";;;2104;"4Ème Circonscription";"BRIGAND";"Hubert";"M";28/07/52;74;"Ancien cadre";08/07/24
21;"Côte-D'Or";;;2105;"5Ème Circonscription";"LIORET";"René";"M";13/01/52;74;"Ancien cadre";08/07/24
22;"Côtes-D'Armor";;;2201;"1Ère Circonscription";"COSSON";"Mickaël";"M";29/11/75;37;"Cadre administratif et commercial d'entreprise";08/07/24
22;"Côtes-D'Armor";;;2202;"2Ème Circonscription";"BERVILLE";"Hervé";"M";15/01/90;33;"Cadre de la fonction publique";08/07/24
22;"Côtes-D'Armor";;;2203;"3Ème Circonscription";"LE FUR";"Corentin";"M";13/12/89;37;"Cadre administratif et commercial d'entreprise";08/07/24
22;"Côtes-D'Armor";;;2204;"4Ème Circonscription";"LEPVRAUD";"Murielle";"F";15/07/74;54;"Employé administratif d'entreprise";08/07/24
22;"Côtes-D'Armor";;;2205;"5Ème Circonscription";"BOTHOREL";"Eric";"M";20/10/66;38;"Ingénieur et cadre technique d'entreprise";08/07/24
23;"Creuse";;;2301;"1Ère Circonscription";"LENOIR";"Bartolomé";"M";04/09/91;37;"Cadre administratif et commercial d'entreprise";08/07/24
24;"Dordogne";;;2401;"1Ère Circonscription";"LECHON";"Nadine";"F";16/04/63;12;"Agriculteur sur moyenne exploitation";08/07/24
24;"Dordogne";;;2402;"2Ème Circonscription";"MULLER";"Serge";"M";26/02/76;43;"Profession intermédiaire de la santé et du travail social";08/07/24
24;"Dordogne";;;2403;"3Ème Circonscription";"JOUBERT";"Florence";"F";30/06/65;33;"Cadre de la fonction publique";08/07/24
24;"Dordogne";;;2404;"4Ème Circonscription";"PEYTAVIE";"Sébastien";"M";17/04/82;43;"Profession intermédiaire de la santé et du travail social";08/07/24
25;"Doubs";;;2501;"1Ère Circonscription";"CROIZIER";"Laurent";"M";29/01/75;34;"Professeur, profession scientifique";08/07/24
25;"Doubs";;;2502;"2Ème Circonscription";"VOYNET";"Dominique";"F";04/11/58;33;"Cadre de la fonction publique";08/07/24
25;"Doubs";;;2503;"3Ème Circonscription";"BLOCH";"Matthieu";"M";26/04/83;37;"Cadre administratif et commercial d'entreprise";08/07/24
25;"Doubs";;;2504;"4Ème Circonscription";"GRANGIER";"Géraldine";"F";13/02/75;33;"Cadre de la fonction publique";08/07/24
25;"Doubs";;;2505;"5Ème Circonscription";"DUPARAY";"Lionel";"M";07/02/81;38;"Ingénieur et cadre technique d'entreprise";13/11/25
25;"Doubs";;;2505;"5Ème Circonscription";"LIEGEON";"Eric";"M";24/01/61;12;"Agriculteur sur moyenne exploitation";22/10/24
26;"Drôme";;;2601;"1Ère Circonscription";"CHRISTOPHLE";"Paul";"M";03/02/87;37;"Cadre administratif et commercial d'entreprise";08/07/24
26;"Drôme";;;2602;"2Ème Circonscription";"POLLET";"Lisette";"F";04/01/68;62;"Ouvrier qualifié de type industriel";08/07/24
26;"Drôme";;;2603;"3Ème Circonscription";"POCHON";"Marie";"F";04/05/90;85;"Personne diverse sans activité professionnelle de moins de 60 ans (sauf retraité)";08/07/24
26;"Drôme";;;2604;"4Ème Circonscription";"MONNIER";"Thibaut";"M";24/02/87;37;"Cadre administratif et commercial d'entreprise";08/07/24
27;"Eure";;;2701;"1Ère Circonscription";"LOIR";"Christine";"F";22/02/77;43;"Profession intermédiaire de la santé et du travail social";08/07/24
27;"Eure";;;2702;"2Ème Circonscription";"LEVAVASSEUR";"Katiana";"F";09/12/70;52;"Employé civil et agent de service de la fonction publique";08/07/24
27;"Eure";;;2703;"3Ème Circonscription";"MAUVIEUX";"Kévin";"M";09/09/91;33;"Cadre de la fonction publique";08/07/24
27;"Eure";;;2704;"4Ème Circonscription";"BRUN";"Philippe";"M";16/10/91;33;"Cadre de la fonction publique";08/07/24
27;"Eure";;;2705;"5Ème Circonscription";"HOUSSIN";"Timothée";"M";29/07/88;37;"Cadre administratif et commercial d'entreprise";08/07/24
28;"Eure-Et-Loir";;;2801;"1Ère Circonscription";"KASBARIAN";"Guillaume";"M";28/02/87;37;"Cadre administratif et commercial d'entreprise";24/01/25
28;"Eure-Et-Loir";;;2802;"2Ème Circonscription";"MINARD";"Christelle";"F";04/10/70;13;"Agriculteur sur grande exploitation";07/07/25
28;"Eure-Et-Loir";;;2803;"3Ème Circonscription";"HUWART";"Harold";"M";03/01/82;33;"Cadre de la fonction publique";08/07/24
28;"Eure-Et-Loir";;;2804;"4Ème Circonscription";"VIGIER";"Philippe";"M";03/02/58;31;"Profession libérale";08/07/24
29;"Finistère";;;2901;"1Ère Circonscription";"LE MEUR";"Annaïg";"F";29/04/73;31;"Profession libérale";08/07/24
29;"Finistère";;;2902;"2Ème Circonscription";"CADALEN";"Pierre-Yves";"M";09/07/92;34;"Professeur, profession scientifique";08/07/24
29;"Finistère";;;2903;"3Ème Circonscription";"LE GAC";"Didier";"M";19/07/65;46;"Profession intermédiaire administrative et commerciale des entreprises";08/07/24
29;"Finistère";;;2904;"4Ème Circonscription";"LE FEUR";"Sandrine";"F";18/03/91;12;"Agriculteur sur moyenne exploitation";08/07/24
29;"Finistère";;;2905;"5Ème Circonscription";"MELCHIOR";"Graziella";"F";06/04/60;34;"Professeur, profession scientifique";08/07/24
29;"Finistère";;;2906;"6Ème Circonscription";"THOMIN";"Mélanie";"F";04/06/84;34;"Professeur, profession scientifique";08/07/24
29;"Finistère";;;2907;"7Ème Circonscription";"TANGUY";"Liliana";"F";12/03/67;33;"Cadre de la fonction publique";08/07/24
29;"Finistère";;;2908;"8Ème Circonscription";"BALANANT";"Erwan";"M";21/02/71;35;"Profession de l'information, des arts et des spectacles";08/07/24
"2A";"Corse-Du-Sud";94;"Corse";"2A01";"1Ère Circonscription";"MARCANGELI";"Laurent";"M";10/12/80;31;"Profession libérale";06/11/25
"2A";"Corse-Du-Sud";94;"Corse";"2A02";"2Ème Circonscription";"COLOMBANI";"Paul-André";"M";17/08/67;31;"Profession libérale";08/07/24
"2B";"Haute-Corse";94;"Corse";"2B01";"1Ère Circonscription";"CASTELLANI";"Michel";"M";28/09/45;34;"Professeur, profession scientifique";08/07/24
"2B";"Haute-Corse";94;"Corse";"2B02";"2Ème Circonscription";"CECCOLI";"François-Xavier";"M";27/10/68;23;"Chef d'entreprise de 10 salariés ou plus";08/07/24
30;"Gard";;;3001;"1Ère Circonscription";"GILLET";"Yoann";"M";29/08/86;33;"Cadre de la fonction publique";08/07/24
30;"Gard";;;3002;"2Ème Circonscription";"MEIZONNET";"Nicolas";"M";22/12/83;85;"Personne diverse sans activité professionnelle de moins de 60 ans (sauf retraité)";01/07/24
30;"Gard";;;3003;"3Ème Circonscription";"BORDES";"Pascale";"F";15/10/61;31;"Profession libérale";08/07/24
30;"Gard";;;3004;"4Ème Circonscription";"MEURIN";"Pierre";"M";30/11/89;37;"Cadre administratif et commercial d'entreprise";08/07/24
30;"Gard";;;3005;"5Ème Circonscription";"ALLEGRET-PILOT";"Alexandre";"M";11/01/89;33;"Cadre de la fonction publique";08/07/24
30;"Gard";;;3006;"6Ème Circonscription";"JOSSERAND";"Sylvie";"F";23/08/68;31;"Profession libérale";08/07/24
31;"Haute-Garonne";;;3101;"1Ère Circonscription";"CLOUET";"Hadrien";"M";13/07/91;34;"Professeur, profession scientifique";08/07/24
31;"Haute-Garonne";;;3102;"2Ème Circonscription";"STAMBACH-TERRENOIR";"Anne";"F";23/06/80;35;"Profession de l'information, des arts et des spectacles";08/07/24
31;"Haute-Garonne";;;3103;"3Ème Circonscription";"VIGNON";"Corinne";"F";10/06/63;37;"Cadre administratif et commercial d'entreprise";08/07/24
31;"Haute-Garonne";;;3104;"4Ème Circonscription";"PIQUEMAL";"François";"M";28/12/84;34;"Professeur, profession scientifique";01/07/24
31;"Haute-Garonne";;;3105;"5Ème Circonscription";"PORTARRIEU";"Jean-François";"M";14/10/65;35;"Profession de l'information, des arts et des spectacles";08/07/24
31;"Haute-Garonne";;;3106;"6Ème Circonscription";"SIMION";"Arnaud";"M";19/05/68;33;"Cadre de la fonction publique";08/07/24
31;"Haute-Garonne";;;3107;"7Ème Circonscription";"BEX";"Christophe";"M";14/11/61;74;"Ancien cadre";08/07/24
31;"Haute-Garonne";;;3108;"8Ème Circonscription";"AVIRAGNET";"Joël";"M";16/06/56;74;"Ancien cadre";08/07/24
31;"Haute-Garonne";;;3109;"9Ème Circonscription";"ARRIGHI";"Christine";"F";19/09/59;74;"Ancien cadre";08/07/24
31;"Haute-Garonne";;;3110;"10Ème Circonscription";"OBERTI";"Jacques";"M";26/11/60;38;"Ingénieur et cadre technique d'entreprise";08/07/24
32;"Gers";;;3201;"1Ère Circonscription";"CAZENEUVE";"Jean-René";"M";09/06/58;74;"Ancien cadre";08/07/24
32;"Gers";;;3202;"2Ème Circonscription";"TAUPIAC";"David";"M";13/05/75;38;"Ingénieur et cadre technique d'entreprise";08/07/24
33;"Gironde";;;3301;"1Ère Circonscription";"CAZENAVE";"Thomas";"M";06/03/78;33;"Cadre de la fonction publique";08/07/24
33;"Gironde";;;3302;"2Ème Circonscription";"THIERRY";"Nicolas";"M";08/12/75;31;"Profession libérale";08/07/24
33;"Gironde";;;3303;"3Ème Circonscription";"PRUD'HOMME";"Loïc";"M";19/08/69;47;"Technicien";08/07/24
33;"Gironde";;;3304;"4Ème Circonscription";"DAVID";"Alain";"M";02/06/49;74;"Ancien cadre";08/07/24
33;"Gironde";;;3305;"5Ème Circonscription";"GOT";"Pascale";"F";01/04/61;74;"Ancien cadre";08/07/24
33;"Gironde";;;3306;"6Ème Circonscription";"RECALDE";"Marie";"F";12/03/65;31;"Profession libérale";08/07/24
33;"Gironde";;;3307;"7Ème Circonscription";"SAINT-PASTEUR";"Sébastien";"M";08/12/80;33;"Cadre de la fonction publique";08/07/24
33;"Gironde";;;3308;"8Ème Circonscription";"PANONACLE";"Sophie";"F";16/12/68;85;"Personne diverse sans activité professionnelle de moins de 60 ans (sauf retraité)";08/07/24
33;"Gironde";;;3309;"9Ème Circonscription";"METTE";"Sophie";"F";13/09/59;86;"Personne diverse sans activité professionnelle de 60 ans et plus (sauf retraité)";08/07/24
33;"Gironde";;;3310;"10Ème Circonscription";"BOUDIÉ";"Florent";"M";22/09/73;33;"Cadre de la fonction publique";08/07/24
33;"Gironde";;;3311;"11Ème Circonscription";"DIAZ";"Edwige";"F";15/10/87;37;"Cadre administratif et commercial d'entreprise";01/07/24
33;"Gironde";;;3312;"12Ème Circonscription";"FELD";"Mathilde";"F";28/04/69;33;"Cadre de la fonction publique";08/07/24
34;"Hérault";;;3401;"1Ère Circonscription";"ROUMEGAS";"Jean-Louis";"M";06/06/62;42;"Professeur des écoles, instituteur et assimilé";08/07/24
34;"Hérault";;;3402;"2Ème Circonscription";"OZIOL";"Nathalie";"F";18/02/90;34;"Professeur, profession scientifique";01/07/24
34;"Hérault";;;3403;"3Ème Circonscription";"DOMBRE COSTE";"Fanny";"F";26/12/56;72;"Ancien artisan, commerçant, chef d'entreprise";08/07/24
34;"Hérault";;;3404;"4Ème Circonscription";"BOUQUIN";"Manon";"F";02/06/92;33;"Cadre de la fonction publique";08/07/24
34;"Hérault";;;3405;"5Ème Circonscription";"GALZY";"Stéphanie";"F";21/10/81;54;"Employé administratif d'entreprise";08/07/24
34;"Hérault";;;3406;"6Ème Circonscription";"GABARRON";"Julien";"M";11/03/81;37;"Cadre administratif et commercial d'entreprise";08/07/24
34;"Hérault";;;3407;"7Ème Circonscription";"LOPEZ LIGUORI";"Aurélien";"M";17/05/93;33;"Cadre de la fonction publique";01/07/24
34;"Hérault";;;3408;"8Ème Circonscription";"CARRIERE";"Sylvain";"M";21/05/91;55;"Employé de commerce";08/07/24
34;"Hérault";;;3409;"9Ème Circonscription";"ALLONCLE";"Charles";"M";21/10/93;37;"Cadre administratif et commercial d'entreprise";08/07/24
35;"Ille-Et-Vilaine";;;3501;"1Ère Circonscription";"MESMEUR";"Marie";"F";12/08/94;43;"Profession intermédiaire de la santé et du travail social";08/07/24
35;"Ille-Et-Vilaine";;;3502;"2Ème Circonscription";"LAHAIS";"Tristan";"M";11/05/83;37;"Cadre administratif et commercial d'entreprise";08/07/24
35;"Ille-Et-Vilaine";;;3503;"3Ème Circonscription";"ROUAUX";"Claudia";"F";13/10/63;38;"Ingénieur et cadre technique d'entreprise";08/07/24
35;"Ille-Et-Vilaine";;;3504;"4Ème Circonscription";"HIGNET";"Mathilde";"F";10/06/93;69;"Ouvrier agricole";08/07/24
35;"Ille-Et-Vilaine";;;3505;"5Ème Circonscription";"LE NABOUR";"Christine";"F";28/10/64;56;"Personnel des services directs aux particuliers";08/07/24
35;"Ille-Et-Vilaine";;;3506;"6Ème Circonscription";"BENOIT";"Thierry";"M";13/09/66;22;"Commerçant et assimilé";08/07/24
35;"Ille-Et-Vilaine";;;3507;"7Ème Circonscription";"BOURGEAUX";"Jean-Luc";"M";10/04/63;11;"Agriculteur sur petite exploitation";08/07/24
35;"Ille-Et-Vilaine";;;3508;"8Ème Circonscription";"BOULOUX";"Mickaël";"M";16/08/72;38;"Ingénieur et cadre technique d'entreprise";01/07/24
36;"Indre";;;3601;"1Ère Circonscription";"JOLIVET";"François";"M";21/03/66;74;"Ancien cadre";08/07/24
36;"Indre";;;3602;"2Ème Circonscription";"FRUCHON";"Alix";"F";14/10/94;48;"Contremaître, agent de maîtrise";13/11/25
37;"Indre-Et-Loire";;;3701;"1Ère Circonscription";"FOURNIER";"Charles";"M";10/03/68;37;"Cadre administratif et commercial d'entreprise";08/07/24
37;"Indre-Et-Loire";;;3702;"2Ème Circonscription";"LABARONNE";"Daniel";"M";16/07/55;74;"Ancien cadre";08/07/24
37;"Indre-Et-Loire";;;3703;"3Ème Circonscription";"ALFANDARI";"Henri";"M";02/10/79;72;"Ancien artisan, commerçant, chef d'entreprise";08/07/24
37;"Indre-Et-Loire";;;3704;"4Ème Circonscription";"BAUMEL";"Laurent";"M";13/08/65;33;"Cadre de la fonction publique";08/07/24
37;"Indre-Et-Loire";;;3705;"5Ème Circonscription";"THILLAYE";"Sabine";"F";18/05/59;72;"Ancien artisan, commerçant, chef d'entreprise";08/07/24
38;"Isère";;;3801;"1Ère Circonscription";"LATRECHE";"Alim";"M";05/12/79;42;"Professeur des écoles, instituteur et assimilé";27/03/26
38;"Isère";;;3802;"2Ème Circonscription";"CHATELAIN";"Cyrielle";"F";15/07/87;33;"Cadre de la fonction publique";08/07/24
38;"Isère";;;3803;"3Ème Circonscription";"MARTIN";"Élisa";"F";15/05/72;34;"Professeur, profession scientifique";08/07/24
38;"Isère";;;3804;"4Ème Circonscription";"BATTISTEL";"Marie-Noëlle";"F";20/08/56;74;"Ancien cadre";08/07/24
38;"Isère";;;3805;"5Ème Circonscription";"IORDANOFF";"Jérémie";"M";02/02/83;31;"Profession libérale";08/07/24
38;"Isère";;;3806;"6Ème Circonscription";"JOLLY";"Alexis";"M";22/12/90;22;"Commerçant et assimilé";08/07/24
38;"Isère";;;3807;"7Ème Circonscription";"NEUDER";"Yannick";"M";15/03/69;34;"Professeur, profession scientifique";06/11/25
38;"Isère";;;3808;"8Ème Circonscription";"MANSOURI";"Hanane";"F";24/11/00;84;"Elève, étudiant";08/07/24
38;"Isère";;;3809;"9Ème Circonscription";"NOSBÉ";"Sandrine";"F";29/10/72;54;"Employé administratif d'entreprise";08/07/24
38;"Isère";;;3810;"10Ème Circonscription";"PEREZ";"Thierry";"M";19/11/66;33;"Cadre de la fonction publique";08/07/24
39;"Jura";;;3901;"1Ère Circonscription";"BRULEBOIS";"Danielle";"F";04/07/47;75;"Ancienne profession intermédiaire";08/07/24
39;"Jura";;;3902;"2Ème Circonscription";"DALLOZ";"Marie-Christine";"F";10/01/58;86;"Personne diverse sans activité professionnelle de 60 ans et plus (sauf retraité)";07/04/25
39;"Jura";;;3903;"3Ème Circonscription";"GRUET";"Justine";"F";23/10/89;31;"Profession libérale";08/07/24
40;"Landes";;;4001;"1Ère Circonscription";"DARRIEUSSECQ";"Geneviève";"F";04/03/56;31;"Profession libérale";24/01/25
40;"Landes";;;4002;"2Ème Circonscription";"CAUSSE";"Lionel";"M";06/05/71;37;"Cadre administratif et commercial d'entreprise";08/07/24
40;"Landes";;;4003;"3Ème Circonscription";"VALLAUD";"Boris";"M";25/07/75;33;"Cadre de la fonction publique";08/07/24
41;"Loir-Et-Cher";;;4101;"1Ère Circonscription";"FESNEAU";"Marc";"M";11/01/71;33;"Cadre de la fonction publique";08/07/24
41;"Loir-Et-Cher";;;4102;"2Ème Circonscription";"CHUDEAU";"Roger";"M";28/09/49;74;"Ancien cadre";08/07/24
41;"Loir-Et-Cher";;;4103;"3Ème Circonscription";"MARION";"Christophe";"M";25/04/73;34;"Professeur, profession scientifique";08/07/24
42;"Loire";;;4201;"1Ère Circonscription";"COURBON";"Pierrick";"M";08/07/85;37;"Cadre administratif et commercial d'entreprise";08/07/24
42;"Loire";;;4202;"2Ème Circonscription";"TAURINYA";"Andrée";"F";03/06/63;34;"Professeur, profession scientifique";08/07/24
42;"Loire";;;4203;"3Ème Circonscription";"MANDON";"Emmanuel";"M";22/06/65;46;"Profession intermédiaire administrative et commerciale des entreprises";08/07/24
42;"Loire";;;4204;"4Ème Circonscription";"BONNET";"Sylvie";"F";21/12/69;74;"Ancien cadre";08/07/24
42;"Loire";;;4205;"5Ème Circonscription";"VERMOREL-MARQUES";"Antoine";"M";17/02/93;33;"Cadre de la fonction publique";08/07/24
42;"Loire";;;4206;"6Ème Circonscription";"TAITE";"Jean-Pierre";"M";14/03/62;72;"Ancien artisan, commerçant, chef d'entreprise";08/07/24
43;"Haute-Loire";;;4301;"1Ère Circonscription";"WAUQUIEZ";"Laurent";"M";12/04/75;33;"Cadre de la fonction publique";08/07/24
43;"Haute-Loire";;;4302;"2Ème Circonscription";"VIGIER";"Peter";"M";22/10/69;33;"Cadre de la fonction publique";08/07/24
44;"Loire-Atlantique";;;4401;"1Ère Circonscription";"BENBRAHIM";"Karim";"M";13/04/80;38;"Ingénieur et cadre technique d'entreprise";08/07/24
44;"Loire-Atlantique";;;4402;"2Ème Circonscription";"KERBRAT";"Andy";"M";01/10/90;54;"Employé administratif d'entreprise";01/07/24
44;"Loire-Atlantique";;;4403;"3Ème Circonscription";"AMIOT";"Ségolène";"F";23/02/86;54;"Employé administratif d'entreprise";08/07/24
44;"Loire-Atlantique";;;4404;"4Ème Circonscription";"LAERNOES";"Julie";"F";03/07/82;74;"Ancien cadre";08/07/24
44;"Loire-Atlantique";;;4405;"5Ème Circonscription";"ROUSSEL";"Fabrice";"M";11/04/73;34;"Professeur, profession scientifique";08/07/24
44;"Loire-Atlantique";;;4406;"6Ème Circonscription";"RAUX";"Jean-Claude";"M";18/01/67;34;"Professeur, profession scientifique";08/07/24
44;"Loire-Atlantique";;;4407;"7Ème Circonscription";"JOSSO";"Sandrine";"F";19/09/75;31;"Profession libérale";08/07/24
44;"Loire-Atlantique";;;4408;"8Ème Circonscription";"TAVEL";"Matthias";"M";06/07/87;33;"Cadre de la fonction publique";08/07/24
44;"Loire-Atlantique";;;4409;"9Ème Circonscription";"BRARD";"Jean-Michel";"M";03/04/68;22;"Commerçant et assimilé";08/07/24
44;"Loire-Atlantique";;;4410;"10Ème Circonscription";"ERRANTE";"Sophie";"F";22/07/71;23;"Chef d'entreprise de 10 salariés ou plus";08/07/24
45;"Loiret";;;4501;"1Ère Circonscription";"RIST";"Stéphanie";"F";06/08/73;34;"Professeur, profession scientifique";26/01/26
45;"Loiret";;;4502;"2Ème Circonscription";"DUPLESSY";"Emmanuel";"M";02/01/90;33;"Cadre de la fonction publique";08/07/24
45;"Loiret";;;4503;"3Ème Circonscription";"DE PÉLICHY";"Constance";"F";01/04/86;85;"Personne diverse sans activité professionnelle de moins de 60 ans (sauf retraité)";08/07/24
45;"Loiret";;;4504;"4Ème Circonscription";"MÉNAGÉ";"Thomas";"M";06/01/92;37;"Cadre administratif et commercial d'entreprise";08/07/24
45;"Loiret";;;4505;"5Ème Circonscription";"BROSSE";"Anthony";"M";04/11/80;43;"Profession intermédiaire de la santé et du travail social";08/07/24
45;"Loiret";;;4506;"6Ème Circonscription";"RAMOS";"Richard";"M";23/03/68;74;"Ancien cadre";08/07/24
46;"Lot";;;4601;"1Ère Circonscription";"PRADIÉ";"Aurélien";"M";14/03/86;33;"Cadre de la fonction publique";08/07/24
46;"Lot";;;4602;"2Ème Circonscription";"PROENÇA";"Christophe";"M";31/05/66;34;"Professeur, profession scientifique";08/07/24
47;"Lot-Et-Garonne";;;4701;"1Ère Circonscription";"LAUZZANA";"Michel";"M";20/03/57;31;"Profession libérale";08/07/24
47;"Lot-Et-Garonne";;;4702;"2Ème Circonscription";"LAPORTE";"Hélène";"F";29/12/78;37;"Cadre administratif et commercial d'entreprise";08/07/24
47;"Lot-Et-Garonne";;;4703;"3Ème Circonscription";"REY";"Emeline";"F";29/03/88;31;"Profession libérale";21/04/26
48;"Lozère";;;4801;"1Ère Circonscription";"PANTEL";"Sophie";"F";27/07/71;45;"Profession intermédiaire administrative de la fonction publique";08/07/24
49;"Maine-Et-Loire";;;4901;"1Ère Circonscription";"GERNIGON";"François";"M";02/04/61;74;"Ancien cadre";08/07/24
49;"Maine-Et-Loire";;;4902;"2Ème Circonscription";"DUPONT";"Stella";"F";03/11/73;46;"Profession intermédiaire administrative et commerciale des entreprises";08/07/24
49;"Maine-Et-Loire";;;4903;"3Ème Circonscription";"BLIN";"Anne-Laure";"F";12/06/83;74;"Ancien cadre";08/07/24
49;"Maine-Et-Loire";;;4904;"4Ème Circonscription";"SAINT-PAUL";"Laëtitia";"F";21/01/81;83;"Militaire du contingent";08/07/24
49;"Maine-Et-Loire";;;4905;"5Ème Circonscription";"MASSEGLIA";"Denis";"M";11/04/81;38;"Ingénieur et cadre technique d'entreprise";08/07/24
49;"Maine-Et-Loire";;;4906;"6Ème Circonscription";"DUBRE CHIRAT";"Nicole";"F";18/12/51;33;"Cadre de la fonction publique";08/07/24
49;"Maine-Et-Loire";;;4907;"7Ème Circonscription";"BOLO";"Philippe";"M";25/03/67;38;"Ingénieur et cadre technique d'entreprise";08/07/24
50;"Manche";;;5001;"1Ère Circonscription";"GOSSELIN";"Philippe";"M";23/10/66;34;"Professeur, profession scientifique";08/07/24
50;"Manche";;;5002;"2Ème Circonscription";"SORRE";"Bertrand";"M";08/05/65;42;"Professeur des écoles, instituteur et assimilé";08/07/24
50;"Manche";;;5003;"3Ème Circonscription";"TRAVERT";"Stéphane";"M";12/10/69;37;"Cadre administratif et commercial d'entreprise";08/07/24
50;"Manche";;;5004;"4Ème Circonscription";"PIC";"Anna";"F";04/06/78;34;"Professeur, profession scientifique";08/07/24
51;"Marne";;;5101;"1Ère Circonscription";"ALBERTINI";"Xavier";"M";28/01/70;31;"Profession libérale";08/07/24
51;"Marne";;;5102;"2Ème Circonscription";"MILLER";"Laure";"F";25/12/83;85;"Personne diverse sans activité professionnelle de moins de 60 ans (sauf retraité)";08/07/24
51;"Marne";;;5103;"3Ème Circonscription";"MICHELET";"Maxime";"M";19/04/92;37;"Cadre administratif et commercial d'entreprise";08/07/24
51;"Marne";;;5104;"4Ème Circonscription";"MAGNIER";"Lise";"F";31/12/84;33;"Cadre de la fonction publique";08/07/24
51;"Marne";;;5105;"5Ème Circonscription";"DE COURSON";"Charles";"M";02/04/52;74;"Ancien cadre";08/07/24
52;"Haute-Marne";;;5201;"1Ère Circonscription";"BENTZ";"Christophe";"M";04/07/87;34;"Professeur, profession scientifique";08/07/24
52;"Haute-Marne";;;5202;"2Ème Circonscription";"ROBERT-DEHAULT";"Laurence";"F";17/01/64;31;"Profession libérale";01/07/24
53;"Mayenne";;;5301;"1Ère Circonscription";"GAROT";"Guillaume";"M";29/05/66;33;"Cadre de la fonction publique";08/07/24
53;"Mayenne";;;5302;"2Ème Circonscription";"BANNIER";"Géraldine";"F";22/11/79;34;"Professeur, profession scientifique";08/07/24
53;"Mayenne";;;5303;"3Ème Circonscription";"FAVENNEC";"Yannick";"M";12/08/58;74;"Ancien cadre";08/07/24
54;"Meurthe-Et-Moselle";;;5401;"1Ère Circonscription";"MERCIER";"Estelle";"F";15/01/73;34;"Professeur, profession scientifique";08/07/24
54;"Meurthe-Et-Moselle";;;5402;"2Ème Circonscription";"HABLOT";"Stéphane";"M";30/06/65;34;"Professeur, profession scientifique";08/07/24
54;"Meurthe-Et-Moselle";;;5403;"3Ème Circonscription";"WEBER";"Frédéric";"M";21/05/73;43;"Profession intermédiaire de la santé et du travail social";08/07/24
54;"Meurthe-Et-Moselle";;;5404;"4Ème Circonscription";"BAZIN";"Thibault";"M";27/10/84;37;"Cadre administratif et commercial d'entreprise";08/07/24
54;"Meurthe-Et-Moselle";;;5405;"5Ème Circonscription";"POTIER";"Dominique";"M";17/03/64;12;"Agriculteur sur moyenne exploitation";08/07/24
54;"Meurthe-Et-Moselle";;;5406;"6Ème Circonscription";"BOULOGNE";"Anthony";"M";08/06/93;37;"Cadre administratif et commercial d'entreprise";08/07/24
55;"Meuse";;;5501;"1Ère Circonscription";"AMBLARD";"Maxime";"M";06/09/96;38;"Ingénieur et cadre technique d'entreprise";08/07/24
55;"Meuse";;;5502;"2Ème Circonscription";"GOULET";"Florence";"F";30/06/61;33;"Cadre de la fonction publique";01/07/24
56;"Morbihan";;;5601;"1Ère Circonscription";"CRIAUD";"Michel";"M";03/08/62;72;"Ancien artisan, commerçant, chef d'entreprise";13/11/25
56;"Morbihan";;;5602;"2Ème Circonscription";"PAHUN";"Jimmy";"M";15/05/62;35;"Profession de l'information, des arts et des spectacles";08/07/24
56;"Morbihan";;;5603;"3Ème Circonscription";"LE PEIH";"Nicole";"F";28/09/59;71;"Ancien agriculteur exploitant";08/07/24
56;"Morbihan";;;5604;"4Ème Circonscription";"MOLAC";"Paul";"M";21/05/62;34;"Professeur, profession scientifique";08/07/24
56;"Morbihan";;;5605;"5Ème Circonscription";"GIRARD";"Damien";"M";30/05/73;38;"Ingénieur et cadre technique d'entreprise";08/07/24
56;"Morbihan";;;5606;"6Ème Circonscription";"JACQUES";"Jean-Michel";"M";29/02/68;31;"Profession libérale";08/07/24
57;"Moselle";;;5701;"1Ère Circonscription";"BELHADDAD";"Belkhir";"M";09/07/69;23;"Chef d'entreprise de 10 salariés ou plus";08/07/24
57;"Moselle";;;5702;"2Ème Circonscription";"MENDES";"Ludovic";"M";11/04/87;85;"Personne diverse sans activité professionnelle de moins de 60 ans (sauf retraité)";08/07/24
57;"Moselle";;;5703;"3Ème Circonscription";"COLIN-OESTERLÉ";"Nathalie";"F";05/05/65;31;"Profession libérale";08/07/24
57;"Moselle";;;5704;"4Ème Circonscription";"END";"Jérôme";"M";09/04/79;33;"Cadre de la fonction publique";21/04/26
57;"Moselle";;;5705;"5Ème Circonscription";"JENFT";"Pascal";"M";29/11/66;21;"Artisan";08/07/24
57;"Moselle";;;5706;"6Ème Circonscription";"PARMENTIER-LECOCQ";"Charlotte";"F";17/07/77;85;"Personne diverse sans activité professionnelle de moins de 60 ans (sauf retraité)";28/03/26
57;"Moselle";;;5706;"6Ème Circonscription";"PFEFFER";"Kévin";"M";09/07/90;37;"Cadre administratif et commercial d'entreprise";01/07/24
57;"Moselle";;;5707;"7Ème Circonscription";"LOUBET";"Alexandre";"M";07/07/94;33;"Cadre de la fonction publique";01/07/24
57;"Moselle";;;5708;"8Ème Circonscription";"JACOBELLI";"Laurent";"M";13/10/69;35;"Profession de l'information, des arts et des spectacles";08/07/24
57;"Moselle";;;5709;"9Ème Circonscription";"RAUCH";"Isabelle";"F";10/08/68;31;"Profession libérale";08/07/24
58;"Nièvre";;;5801;"1Ère Circonscription";"GOULET";"Perrine";"F";19/03/78;37;"Cadre administratif et commercial d'entreprise";08/07/24
58;"Nièvre";;;5802;"2Ème Circonscription";"GUIBERT";"Julien";"M";11/05/84;46;"Profession intermédiaire administrative et commerciale des entreprises";08/07/24
59;"Nord";;;5901;"1Ère Circonscription";"LE COQ";"Aurélien";"M";28/09/96;54;"Employé administratif d'entreprise";08/07/24
59;"Nord";;;5902;"2Ème Circonscription";"BERNALICIS";"Ugo";"M";25/09/89;33;"Cadre de la fonction publique";08/07/24
59;"Nord";;;5903;"3Ème Circonscription";"DELANNOY";"Sandra";"F";01/05/74;21;"Artisan";01/07/24
59;"Nord";;;5904;"4Ème Circonscription";"LISO";"Brigitte";"F";29/07/59;72;"Ancien artisan, commerçant, chef d'entreprise";08/07/24
59;"Nord";;;5905;"5Ème Circonscription";"HUYGHE";"Sébastien";"M";25/10/69;31;"Profession libérale";08/07/24
59;"Nord";;;5907;"7Ème Circonscription";"GERARD";"Félicie";"F";28/01/74;85;"Personne diverse sans activité professionnelle de moins de 60 ans (sauf retraité)";08/07/24
59;"Nord";;;5908;"8Ème Circonscription";"BENTORKI";"Shéhérazade";"F";06/11/86;84;"Elève, étudiant";08/04/26
59;"Nord";;;5909;"9Ème Circonscription";"SPILLEBOUT";"Violette";"F";02/09/72;37;"Cadre administratif et commercial d'entreprise";08/07/24
59;"Nord";;;5911;"11Ème Circonscription";"VICOT";"Roger";"M";01/06/63;85;"Personne diverse sans activité professionnelle de moins de 60 ans (sauf retraité)";08/07/24
59;"Nord";;;5912;"12Ème Circonscription";"TAVERNE";"Michael";"M";10/03/79;53;"Policier et militaire";01/07/24
59;"Nord";;;5913;"13Ème Circonscription";"BODART";"Jean";"M";21/02/46;74;"Ancien cadre";20/04/26
59;"Nord";;;5914;"14Ème Circonscription";"MARLE";"Pierre";"M";19/02/54;75;"Ancienne profession intermédiaire";07/04/26
59;"Nord";;;5915;"15Ème Circonscription";"BATAILLE";"Jean-Pierre";"M";24/10/63;34;"Professeur, profession scientifique";08/07/24
59;"Nord";;;5916;"16Ème Circonscription";"MARCHIO";"Matthieu";"M";08/06/93;31;"Profession libérale";01/07/24
59;"Nord";;;5917;"17Ème Circonscription";"LEDOUX";"Vincent";"M";21/06/66;34;"Professeur, profession scientifique";24/01/25
59;"Nord";;;5917;"17Ème Circonscription";"TESSON";"Thierry";"M";22/04/57;74;"Ancien cadre";08/07/24
59;"Nord";;;5918;"18Ème Circonscription";"DUFOSSET";"Alexandre";"M";24/08/98;54;"Employé administratif d'entreprise";01/07/24
59;"Nord";;;5919;"19Ème Circonscription";"CHENU";"Sébastien";"M";13/04/73;33;"Cadre de la fonction publique";01/07/24
59;"Nord";;;5920;"20Ème Circonscription";"FLORQUIN";"Guillaume";"M";04/05/93;33;"Cadre de la fonction publique";01/07/24
59;"Nord";;;5921;"21Ème Circonscription";"LÉTARD";"Valérie";"F";13/10/62;75;"Ancienne profession intermédiaire";06/11/25
60;"Oise";;;6001;"1Ère Circonscription";"MARAIS-BEUIL";"Claire";"F";04/11/58;33;"Cadre de la fonction publique";08/07/24
60;"Oise";;;6002;"2Ème Circonscription";"BALLARD";"Philippe";"M";24/11/60;74;"Ancien cadre";01/07/24
60;"Oise";;;6003;"3Ème Circonscription";"SABATOU";"Alexandre";"M";18/02/93;33;"Cadre de la fonction publique";08/07/24
60;"Oise";;;6004;"4Ème Circonscription";"LUDMANN";"Véronique";"F";17/03/63;74;"Ancien cadre";02/03/26
60;"Oise";;;6005;"5Ème Circonscription";"VOS";"Frédéric";"M";10/03/63;31;"Profession libérale";08/07/24
60;"Oise";;;6006;"6Ème Circonscription";"GUINIOT";"Michel";"M";29/11/54;74;"Ancien cadre";08/07/24
60;"Oise";;;6007;"7Ème Circonscription";"MAGNIER";"David";"M";05/06/72;48;"Contremaître, agent de maîtrise";08/07/24
61;"Orne";;;6101;"1Ère Circonscription";"JOURDAN";"Chantal";"F";02/09/58;77;"Ancien employé";08/07/24
61;"Orne";;;6102;"2Ème Circonscription";"FOUCHER CHAZE";"Cendrine";"F";14/10/77;52;"Employé civil et agent de service de la fonction publique";15/04/26
61;"Orne";;;6103;"3Ème Circonscription";"LIGER";"Thierry";"M";27/05/70;23;"Chef d'entreprise de 10 salariés ou plus";22/04/26
62;"Pas-De-Calais";;;6201;"1Ère Circonscription";"BLAIRY";"Emmanuel";"M";14/03/86;52;"Employé civil et agent de service de la fonction publique";01/07/24
62;"Pas-De-Calais";;;6202;"2Ème Circonscription";"PANNIER-RUNACHER";"Agnès";"F";19/06/74;33;"Cadre de la fonction publique";13/11/25
62;"Pas-De-Calais";;;6203;"3Ème Circonscription";"CLAVET";"Bruno";"M";06/05/89;33;"Cadre de la fonction publique";01/07/24
62;"Pas-De-Calais";;;6204;"4Ème Circonscription";"FAIT";"Philippe";"M";24/06/69;42;"Professeur des écoles, instituteur et assimilé";08/07/24
62;"Pas-De-Calais";;;6205;"5Ème Circonscription";"GOLLIOT";"Antoine";"M";13/08/85;47;"Technicien";08/07/24
62;"Pas-De-Calais";;;6206;"6Ème Circonscription";"ENGRAND";"Christine";"F";07/05/55;77;"Ancien employé";01/07/24
62;"Pas-De-Calais";;;6207;"7Ème Circonscription";"DE FLEURIAN";"Marc";"M";07/02/89;33;"Cadre de la fonction publique";08/07/24
62;"Pas-De-Calais";;;6208;"8Ème Circonscription";"EVRARD";"Auguste";"M";04/05/00;33;"Cadre de la fonction publique";08/07/24
62;"Pas-De-Calais";;;6209;"9Ème Circonscription";"PARMENTIER";"Caroline";"F";16/12/65;35;"Profession de l'information, des arts et des spectacles";08/07/24
62;"Pas-De-Calais";;;6210;"10Ème Circonscription";"FRAPPÉ";"Thierry";"M";23/05/52;31;"Profession libérale";01/07/24
62;"Pas-De-Calais";;;6211;"11Ème Circonscription";"LE PEN";"Marine";"F";05/08/68;33;"Cadre de la fonction publique";01/07/24
62;"Pas-De-Calais";;;6212;"12Ème Circonscription";"BILDE";"Bruno";"M";22/09/76;31;"Profession libérale";01/07/24
63;"Puy-De-Dôme";;;6301;"1Ère Circonscription";"MAXIMI";"Marianne";"F";13/11/85;43;"Profession intermédiaire de la santé et du travail social";08/07/24
63;"Puy-De-Dôme";;;6302;"2Ème Circonscription";"PIRÈS BEAUNE";"Christine";"F";06/10/64;33;"Cadre de la fonction publique";08/07/24
63;"Puy-De-Dôme";;;6303;"3Ème Circonscription";"BONNET";"Nicolas";"M";11/02/81;38;"Ingénieur et cadre technique d'entreprise";08/07/24
63;"Puy-De-Dôme";;;6304;"4Ème Circonscription";"LINGEMANN";"Delphine";"F";14/11/72;34;"Professeur, profession scientifique";08/07/24
63;"Puy-De-Dôme";;;6305;"5Ème Circonscription";"BRUGEROLLES";"Julien";"M";05/07/82;45;"Profession intermédiaire administrative de la fonction publique";01/04/25
64;"Pyrénées-Atlantiques";;;6401;"1Ère Circonscription";"POUEYTO";"Josy";"F";13/01/54;77;"Ancien employé";08/07/24
64;"Pyrénées-Atlantiques";;;6402;"2Ème Circonscription";"MATTEÏ";"Jean-Paul";"M";21/03/54;31;"Profession libérale";08/07/24
64;"Pyrénées-Atlantiques";;;6403;"3Ème Circonscription";"HABIB";"David";"M";16/03/61;37;"Cadre administratif et commercial d'entreprise";08/07/24
64;"Pyrénées-Atlantiques";;;6404;"4Ème Circonscription";"ECHANIZ";"Iñaki";"M";02/09/93;33;"Cadre de la fonction publique";08/07/24
64;"Pyrénées-Atlantiques";;;6405;"5Ème Circonscription";"CAPDEVIELLE";"Colette";"F";14/10/58;33;"Cadre de la fonction publique";08/07/24
64;"Pyrénées-Atlantiques";;;6406;"6Ème Circonscription";"DUFAU";"Peio";"M";30/05/79;48;"Contremaître, agent de maîtrise";08/07/24
65;"Hautes-Pyrénées";;;6501;"1Ère Circonscription";"FERRER";"Sylvie";"F";06/11/67;85;"Personne diverse sans activité professionnelle de moins de 60 ans (sauf retraité)";08/07/24
65;"Hautes-Pyrénées";;;6502;"2Ème Circonscription";"FÉGNÉ";"Denis";"M";31/07/60;74;"Ancien cadre";08/07/24
66;"Pyrénées-Orientales";;;6601;"1Ère Circonscription";"BLANC";"Sophie";"F";20/02/68;31;"Profession libérale";08/07/24
66;"Pyrénées-Orientales";;;6602;"2Ème Circonscription";"SABATINI";"Anaïs";"F";10/03/90;31;"Profession libérale";01/07/24
66;"Pyrénées-Orientales";;;6603;"3Ème Circonscription";"DOGOR-SUCH";"Sandrine";"F";08/11/70;52;"Employé civil et agent de service de la fonction publique";08/07/24
66;"Pyrénées-Orientales";;;6604;"4Ème Circonscription";"MARTINEZ";"Michèle";"F";06/06/68;52;"Employé civil et agent de service de la fonction publique";08/07/24
67;"Bas-Rhin";;;6701;"1Ère Circonscription";"REGOL";"Sandra";"F";13/04/78;85;"Personne diverse sans activité professionnelle de moins de 60 ans (sauf retraité)";08/07/24
67;"Bas-Rhin";;;6702;"2Ème Circonscription";"FERNANDES";"Emmanuel";"M";10/08/80;46;"Profession intermédiaire administrative et commerciale des entreprises";08/07/24
67;"Bas-Rhin";;;6703;"3Ème Circonscription";"SOTHER";"Thierry";"M";02/02/82;33;"Cadre de la fonction publique";08/07/24
67;"Bas-Rhin";;;6704;"4Ème Circonscription";"BUFFET";"Françoise";"F";11/12/53;72;"Ancien artisan, commerçant, chef d'entreprise";08/07/24
67;"Bas-Rhin";;;6705;"5Ème Circonscription";"SITZENSTUHL";"Charles";"M";03/12/88;33;"Cadre de la fonction publique";08/07/24
67;"Bas-Rhin";;;6706;"6Ème Circonscription";"MOREL";"Louise";"F";15/10/95;74;"Ancien cadre";08/07/24
67;"Bas-Rhin";;;6707;"7Ème Circonscription";"HETZEL";"Patrick";"M";02/07/64;34;"Professeur, profession scientifique";24/01/25
67;"Bas-Rhin";;;6708;"8Ème Circonscription";"BERNHARDT";"Théo";"M";29/06/00;84;"Elève, étudiant";08/07/24
67;"Bas-Rhin";;;6709;"9Ème Circonscription";"THIEBAUT";"Vincent";"M";23/05/72;37;"Cadre administratif et commercial d'entreprise";08/07/24
68;"Haut-Rhin";;;6801;"1Ère Circonscription";"KLINKERT";"Brigitte";"F";22/07/56;74;"Ancien cadre";08/07/24
68;"Haut-Rhin";;;6802;"2Ème Circonscription";"OTT";"Hubert";"M";06/06/64;34;"Professeur, profession scientifique";08/07/24
68;"Haut-Rhin";;;6803;"3Ème Circonscription";"LEMAIRE";"Didier";"M";23/07/75;52;"Employé civil et agent de service de la fonction publique";08/07/24
68;"Haut-Rhin";;;6804;"4Ème Circonscription";"SCHELLENBERGER";"Raphaël";"M";14/02/90;33;"Cadre de la fonction publique";08/07/24
68;"Haut-Rhin";;;6805;"5Ème Circonscription";"BECHT";"Olivier";"M";28/04/76;33;"Cadre de la fonction publique";08/07/24
68;"Haut-Rhin";;;6806;"6Ème Circonscription";"FUCHS";"Bruno";"M";07/04/59;72;"Ancien artisan, commerçant, chef d'entreprise";08/07/24
69;"Rhône";;;6901;"1Ère Circonscription";"BELOUASSA-CHERIFI";"Anaïs";"F";07/02/95;37;"Cadre administratif et commercial d'entreprise";08/07/24
69;"Rhône";;;6902;"2Ème Circonscription";"TAVERNIER";"Boris";"M";23/08/79;37;"Cadre administratif et commercial d'entreprise";08/07/24
69;"Rhône";;;6903;"3Ème Circonscription";"GARIN";"Marie-Charlotte";"F";02/09/95;85;"Personne diverse sans activité professionnelle de moins de 60 ans (sauf retraité)";01/07/24
69;"Rhône";;;6904;"4Ème Circonscription";"RUNEL";"Sandrine";"F";01/06/79;33;"Cadre de la fonction publique";08/07/24
69;"Rhône";;;6905;"5Ème Circonscription";"BROCARD";"Blandine";"F";03/11/81;77;"Ancien employé";08/07/24
69;"Rhône";;;6906;"6Ème Circonscription";"AMARD";"Gabriel";"M";05/05/67;37;"Cadre administratif et commercial d'entreprise";08/07/24
69;"Rhône";;;6907;"7Ème Circonscription";"LAHMAR";"Abdelkader";"M";12/05/71;34;"Professeur, profession scientifique";08/07/24
69;"Rhône";;;6908;"8Ème Circonscription";"GERY";"Jonathan";"M";12/10/86;53;"Policier et militaire";08/07/24
69;"Rhône";;;6909;"9Ème Circonscription";"PORTIER";"Alexandre";"M";21/04/90;34;"Professeur, profession scientifique";24/01/25
69;"Rhône";;;6910;"10Ème Circonscription";"GASSILLOUD";"Thomas";"M";21/05/81;23;"Chef d'entreprise de 10 salariés ou plus";08/07/24
69;"Rhône";;;6911;"11Ème Circonscription";"FUGIT";"Jean-Luc";"M";27/11/69;34;"Professeur, profession scientifique";08/07/24
69;"Rhône";;;6912;"12Ème Circonscription";"ISAAC-SIBILLE";"Cyrille";"M";30/04/58;31;"Profession libérale";08/07/24
69;"Rhône";;;6913;"13Ème Circonscription";"JONCOUR";"Tiffany";"F";02/09/89;37;"Cadre administratif et commercial d'entreprise";08/07/24
69;"Rhône";;;6914;"14Ème Circonscription";"BOUMERTIT";"Idir";"M";04/10/74;54;"Employé administratif d'entreprise";08/07/24
70;"Haute-Saône";;;7001;"1Ère Circonscription";"VILLEDIEU";"Antoine";"M";08/03/89;53;"Policier et militaire";08/07/24
70;"Haute-Saône";;;7002;"2Ème Circonscription";"SALMON";"Emeric";"M";26/11/73;37;"Cadre administratif et commercial d'entreprise";01/07/24
71;"Saône-Et-Loire";;;7101;"1Ère Circonscription";"DIRX";"Benjamin";"M";25/01/79;33;"Cadre de la fonction publique";08/07/24
71;"Saône-Et-Loire";;;7102;"2Ème Circonscription";"CORNELOUP";"Josiane";"F";30/09/59;34;"Professeur, profession scientifique";08/07/24
71;"Saône-Et-Loire";;;7103;"3Ème Circonscription";"DUTREMBLE";"Aurélien";"M";23/12/78;47;"Technicien";08/07/24
71;"Saône-Et-Loire";;;7104;"4Ème Circonscription";"MICHOUX";"Eric";"M";17/06/59;23;"Chef d'entreprise de 10 salariés ou plus";08/07/24
72;"Sarthe";;;7201;"1Ère Circonscription";"DELPECH";"Julie";"F";25/09/89;37;"Cadre administratif et commercial d'entreprise";08/07/24
72;"Sarthe";;;7202;"2Ème Circonscription";"KARAMANLI";"Marietta";"F";18/12/64;34;"Professeur, profession scientifique";08/07/24
72;"Sarthe";;;7203;"3Ème Circonscription";"MARTINEAU";"Eric";"M";08/05/68;12;"Agriculteur sur moyenne exploitation";08/07/24
72;"Sarthe";;;7204;"4Ème Circonscription";"LEBOUCHER";"Elise";"F";09/10/82;43;"Profession intermédiaire de la santé et du travail social";08/07/24
72;"Sarthe";;;7205;"5Ème Circonscription";"GRELIER";"Jean-Carles";"M";15/03/66;31;"Profession libérale";08/07/24
73;"Savoie";;;7301;"1Ère Circonscription";"PADEY";"Didier";"M";09/11/65;37;"Cadre administratif et commercial d'entreprise";13/11/25
73;"Savoie";;;7302;"2Ème Circonscription";"ROLLAND";"Vincent";"M";01/02/70;37;"Cadre administratif et commercial d'entreprise";08/07/24
73;"Savoie";;;7303;"3Ème Circonscription";"BONNIVARD";"Emilie";"F";02/08/80;46;"Profession intermédiaire administrative et commerciale des entreprises";08/07/24
73;"Savoie";;;7304;"4Ème Circonscription";"COULOMME";"Jean-François";"M";01/04/66;37;"Cadre administratif et commercial d'entreprise";08/07/24
74;"Haute-Savoie";;;7401;"1Ère Circonscription";"RIOTTON";"Véronique";"F";02/11/69;23;"Chef d'entreprise de 10 salariés ou plus";08/07/24
74;"Haute-Savoie";;;7402;"2Ème Circonscription";"ARMAND";"Antoine";"M";10/09/91;33;"Cadre de la fonction publique";24/01/25
74;"Haute-Savoie";;;7403;"3Ème Circonscription";"VALENTIN";"Antoine";"M";16/10/92;23;"Chef d'entreprise de 10 salariés ou plus";02/02/26
74;"Haute-Savoie";;;7404;"4Ème Circonscription";"DUBY-MULLER";"Virginie";"F";16/08/79;33;"Cadre de la fonction publique";08/07/24
74;"Haute-Savoie";;;7405;"5Ème Circonscription";"VIOLLAND";"Anne-Cécile";"F";10/06/73;31;"Profession libérale";08/07/24
74;"Haute-Savoie";;;7406;"6Ème Circonscription";"ROSEREN";"Xavier";"M";12/01/70;22;"Commerçant et assimilé";08/07/24
75;"Paris";;;7501;"1Ère Circonscription";"MAILLARD";"Sylvain";"M";28/04/74;23;"Chef d'entreprise de 10 salariés ou plus";08/07/24
75;"Paris";;;7502;"2Ème Circonscription";"BARNIER";"Michel";"M";09/01/51;85;"Personne diverse sans activité professionnelle de moins de 60 ans (sauf retraité)";29/09/25
75;"Paris";;;7503;"3Ème Circonscription";"BALAGE EL MARIKY";"Léa";"F";09/04/90;37;"Cadre administratif et commercial d'entreprise";08/07/24
75;"Paris";;;7504;"4Ème Circonscription";"PANOSYAN-BOUVET";"Astrid";"F";13/08/71;33;"Cadre de la fonction publique";06/11/25
75;"Paris";;;7505;"5Ème Circonscription";"AMIRSHAHI";"Pouria";"M";27/03/72;33;"Cadre de la fonction publique";01/07/24
75;"Paris";;;7506;"6Ème Circonscription";"CHIKIROU";"Sophia";"F";03/06/79;37;"Cadre administratif et commercial d'entreprise";01/07/24
75;"Paris";;;7507;"7Ème Circonscription";"BREGMAN";"Dorine";"F";04/03/62;31;"Profession libérale";10/04/26
75;"Paris";;;7508;"8Ème Circonscription";"SAS";"Eva";"F";13/08/70;85;"Personne diverse sans activité professionnelle de moins de 60 ans (sauf retraité)";01/07/24
75;"Paris";;;7509;"9Ème Circonscription";"ROUSSEAU";"Sandrine";"F";08/03/72;34;"Professeur, profession scientifique";01/07/24
75;"Paris";;;7510;"10Ème Circonscription";"ARENAS";"Rodrigo";"M";24/04/74;33;"Cadre de la fonction publique";01/07/24
75;"Paris";;;7511;"11Ème Circonscription";"HERVIEU";"Céline";"F";19/08/93;31;"Profession libérale";08/07/24
75;"Paris";;;7512;"12Ème Circonscription";"GREGOIRE";"Olivia";"F";30/09/78;33;"Cadre de la fonction publique";08/07/24
75;"Paris";;;7513;"13Ème Circonscription";"IBLED";"Catherine";"F";25/05/75;31;"Profession libérale";13/11/25
75;"Paris";;;7514;"14Ème Circonscription";"MISSOFFE";"Joséphine";"F";24/09/73;43;"Profession intermédiaire de la santé et du travail social";22/10/24
75;"Paris";;;7515;"15Ème Circonscription";"SIMONNET";"Danielle";"F";02/07/71;34;"Professeur, profession scientifique";08/07/24
75;"Paris";;;7516;"16Ème Circonscription";"LEGRAIN";"Sarah";"F";17/11/85;34;"Professeur, profession scientifique";01/07/24
75;"Paris";;;7517;"17Ème Circonscription";"OBONO";"Danièle";"F";12/07/80;33;"Cadre de la fonction publique";01/07/24
75;"Paris";;;7518;"18Ème Circonscription";"CARON";"Aymeric";"M";04/12/71;35;"Profession de l'information, des arts et des spectacles";01/07/24
76;"Seine-Maritime";;;7601;"1Ère Circonscription";"HEROUIN-LEAUTEY";"Florence";"F";28/12/72;33;"Cadre de la fonction publique";08/07/24
76;"Seine-Maritime";;;7602;"2Ème Circonscription";"VIDAL";"Annie";"F";17/09/56;74;"Ancien cadre";08/07/24
76;"Seine-Maritime";;;7603;"3Ème Circonscription";"BÉNARD";"Edouard";"M";18/02/95;45;"Profession intermédiaire administrative de la fonction publique";08/07/24
76;"Seine-Maritime";;;7604;"4Ème Circonscription";"DUFOUR";"Alma";"F";06/05/90;46;"Profession intermédiaire administrative et commerciale des entreprises";08/07/24
76;"Seine-Maritime";;;7605;"5Ème Circonscription";"LESEUL";"Gérard";"M";15/08/60;34;"Professeur, profession scientifique";08/07/24
76;"Seine-Maritime";;;7606;"6Ème Circonscription";"MARTIN";"Patrice";"M";13/09/63;11;"Agriculteur sur petite exploitation";08/07/24
76;"Seine-Maritime";;;7607;"7Ème Circonscription";"FIRMIN LE BODO";"Agnès";"F";20/11/68;31;"Profession libérale";08/07/24
76;"Seine-Maritime";;;7608;"8Ème Circonscription";"LECOQ";"Jean-Paul";"M";13/10/58;47;"Technicien";08/07/24
76;"Seine-Maritime";;;7609;"9Ème Circonscription";"POUSSIER-WINSBACK";"Marie-Agnes";"F";25/03/67;34;"Professeur, profession scientifique";24/01/25
76;"Seine-Maritime";;;7610;"10Ème Circonscription";"LE BOURGEOIS";"Robert";"M";12/11/69;37;"Cadre administratif et commercial d'entreprise";08/07/24
77;"Seine-Et-Marne";;;7701;"1Ère Circonscription";"SAINT-MARTIN";"Arnaud";"M";25/01/79;34;"Professeur, profession scientifique";08/07/24
77;"Seine-Et-Marne";;;7702;"2Ème Circonscription";"VALLETOUX";"Frédéric";"M";23/08/66;35;"Profession de l'information, des arts et des spectacles";08/07/24
77;"Seine-Et-Marne";;;7703;"3Ème Circonscription";"THIERIOT";"Jean-Louis";"M";26/06/69;31;"Profession libérale";24/01/25
77;"Seine-Et-Marne";;;7704;"4Ème Circonscription";"LIMONGI";"Julien";"M";12/02/96;74;"Ancien cadre";08/07/24
77;"Seine-Et-Marne";;;7705;"5Ème Circonscription";"LEMOINE";"Patricia";"F";30/12/61;33;"Cadre de la fonction publique";17/04/26
77;"Seine-Et-Marne";;;7706;"6Ème Circonscription";"ROULLAUD";"Béatrice";"F";09/06/60;86;"Personne diverse sans activité professionnelle de 60 ans et plus (sauf retraité)";08/07/24
77;"Seine-Et-Marne";;;7707;"7Ème Circonscription";"SOUDAIS";"Ersilia";"F";21/05/88;34;"Professeur, profession scientifique";08/07/24
77;"Seine-Et-Marne";;;7708;"8Ème Circonscription";"BONNET";"Arnaud";"M";23/02/77;34;"Professeur, profession scientifique";08/07/24
77;"Seine-Et-Marne";;;7709;"9Ème Circonscription";"THIEBAULT-MARTINEZ";"Céline";"F";04/08/74;37;"Cadre administratif et commercial d'entreprise";08/07/24
77;"Seine-Et-Marne";;;7710;"10Ème Circonscription";"LAISNEY";"Maxime";"M";19/01/81;42;"Professeur des écoles, instituteur et assimilé";08/07/24
77;"Seine-Et-Marne";;;7711;"11Ème Circonscription";"FAURE";"Olivier";"M";18/08/68;37;"Cadre administratif et commercial d'entreprise";01/07/24
78;"Yvelines";;;102;"2Ème Circonscription";"BERGANTZ";"Anne";"F";17/09/68;43;"Profession intermédiaire de la santé et du travail social";22/10/24
78;"Yvelines";;;7801;"1Ère Circonscription";"RODWELL";"Charles";"M";26/07/96;33;"Cadre de la fonction publique";08/07/24
78;"Yvelines";;;7803;"3Ème Circonscription";"PIRON";"Béatrice";"F";30/08/65;72;"Ancien artisan, commerçant, chef d'entreprise";08/07/24
78;"Yvelines";;;7804;"4Ème Circonscription";"LEBEC";"Marie";"F";17/12/90;33;"Cadre de la fonction publique";08/07/24
78;"Yvelines";;;7805;"5Ème Circonscription";"BRAUN-PIVET";"Yaël";"F";07/12/70;31;"Profession libérale";08/07/24
78;"Yvelines";;;7806;"6Ème Circonscription";"POUZYREFF";"Natalia";"F";18/02/61;86;"Personne diverse sans activité professionnelle de 60 ans et plus (sauf retraité)";08/07/24
78;"Yvelines";;;7807;"7Ème Circonscription";"ROUSSEAU";"Aurélien";"M";25/06/76;33;"Cadre de la fonction publique";08/07/24
78;"Yvelines";;;7808;"8Ème Circonscription";"LUCAS";"Benjamin";"M";08/10/90;85;"Personne diverse sans activité professionnelle de moins de 60 ans (sauf retraité)";08/07/24
78;"Yvelines";;;7809;"9Ème Circonscription";"DIOP";"Dieynaba";"F";15/07/74;34;"Professeur, profession scientifique";08/07/24
78;"Yvelines";;;7810;"10Ème Circonscription";"RONCERET";"Anne-Sophie";"F";07/01/78;33;"Cadre de la fonction publique";24/01/25
78;"Yvelines";;;7811;"11Ème Circonscription";"MAZAURY";"Laurent";"M";23/08/65;37;"Cadre administratif et commercial d'entreprise";08/07/24
78;"Yvelines";;;7812;"12Ème Circonscription";"OLIVE";"Karl";"M";29/09/69;31;"Profession libérale";08/07/24
79;"Deux-Sèvres";;;7901;"1Ère Circonscription";"MARCHIVE";"Bastien";"M";15/07/90;37;"Cadre administratif et commercial d'entreprise";08/07/24
79;"Deux-Sèvres";;;7902;"2Ème Circonscription";"BATHO";"Delphine";"F";23/03/73;33;"Cadre de la fonction publique";08/07/24
79;"Deux-Sèvres";;;7903;"3Ème Circonscription";"FIÉVET";"Jean-Marie";"M";19/06/64;52;"Employé civil et agent de service de la fonction publique";08/07/24
80;"Somme";;;8001;"1Ère Circonscription";"RUFFIN";"François";"M";18/10/75;35;"Profession de l'information, des arts et des spectacles";08/07/24
80;"Somme";;;8002;"2Ème Circonscription";"HAMDANE";"Zahia";"F";14/05/65;43;"Profession intermédiaire de la santé et du travail social";08/07/24
80;"Somme";;;8003;"3Ème Circonscription";"RENAULT";"Matthias";"M";02/05/88;37;"Cadre administratif et commercial d'entreprise";08/07/24
80;"Somme";;;8004;"4Ème Circonscription";"TANGUY";"Jean-Philippe";"M";25/03/86;37;"Cadre administratif et commercial d'entreprise";08/07/24
80;"Somme";;;8005;"5Ème Circonscription";"MENACHE";"Yaël";"F";12/05/85;37;"Cadre administratif et commercial d'entreprise";01/07/24
81;"Tarn";;;8101;"1Ère Circonscription";"BONNECARRERE";"Philippe";"M";12/07/55;31;"Profession libérale";08/07/24
81;"Tarn";;;8102;"2Ème Circonscription";"ERODI";"Karen";"F";04/02/77;31;"Profession libérale";08/07/24
81;"Tarn";;;8103;"3Ème Circonscription";"TERLIER";"Jean";"M";02/03/77;31;"Profession libérale";08/07/24
82;"Tarn-Et-Garonne";;;8201;"1Ère Circonscription";"CARBONNEL";"Pierre-Henri";"M";23/03/90;12;"Agriculteur sur moyenne exploitation";13/10/25
82;"Tarn-Et-Garonne";;;8202;"2Ème Circonscription";"HAMELET";"Marine";"F";13/07/67;55;"Employé de commerce";08/07/24
83;"Var";;;8301;"1Ère Circonscription";"CHENEVARD";"Yannick";"M";27/11/59;31;"Profession libérale";08/07/24
83;"Var";;;8302;"2Ème Circonscription";"LAVALETTE";"Laure";"F";16/04/76;85;"Personne diverse sans activité professionnelle de moins de 60 ans (sauf retraité)";01/07/24
83;"Var";;;8303;"3Ème Circonscription";"RAMBAUD";"Stéphane";"M";05/04/60;74;"Ancien cadre";08/07/24
83;"Var";;;8304;"4Ème Circonscription";"LOTTIAUX";"Philippe";"M";14/08/66;33;"Cadre de la fonction publique";01/07/24
83;"Var";;;8305;"5Ème Circonscription";"LECHANTEUX";"Julie";"F";22/12/77;85;"Personne diverse sans activité professionnelle de moins de 60 ans (sauf retraité)";01/07/24
83;"Var";;;8306;"6Ème Circonscription";"GILETTI";"Frank";"M";01/03/73;33;"Cadre de la fonction publique";01/07/24
83;"Var";;;8307;"7Ème Circonscription";"BOCCALETTI";"Frédéric";"M";23/11/73;85;"Personne diverse sans activité professionnelle de moins de 60 ans (sauf retraité)";08/07/24
83;"Var";;;8308;"8Ème Circonscription";"SCHRECK";"Philippe";"M";02/02/72;31;"Profession libérale";01/07/24
84;"Vaucluse";;;8401;"1Ère Circonscription";"ARNAULT";"Raphaël";"M";08/01/95;52;"Employé civil et agent de service de la fonction publique";08/07/24
84;"Vaucluse";;;8402;"2Ème Circonscription";"AUZANOT";"Bénédicte";"F";05/08/72;85;"Personne diverse sans activité professionnelle de moins de 60 ans (sauf retraité)";08/07/24
84;"Vaucluse";;;8403;"3Ème Circonscription";"DE LÉPINAU";"Hervé";"M";08/06/69;31;"Profession libérale";01/07/24
84;"Vaucluse";;;8404;"4Ème Circonscription";"LORHO";"Marie-France";"F";15/12/64;43;"Profession intermédiaire de la santé et du travail social";08/07/24
84;"Vaucluse";;;8405;"5Ème Circonscription";"RIMBERT";"Catherine";"F";13/09/68;31;"Profession libérale";08/07/24
85;"Vendée";;;8501;"1Ère Circonscription";"LATOMBE";"Philippe";"M";21/04/75;37;"Cadre administratif et commercial d'entreprise";08/07/24
85;"Vendée";;;8502;"2Ème Circonscription";"BELLAMY";"Béatrice";"F";20/10/66;37;"Cadre administratif et commercial d'entreprise";08/07/24
85;"Vendée";;;8503;"3Ème Circonscription";"BUCHOU";"Stéphane";"M";14/03/74;37;"Cadre administratif et commercial d'entreprise";08/07/24
85;"Vendée";;;8504;"4Ème Circonscription";"BESSE";"Véronique";"F";11/08/63;85;"Personne diverse sans activité professionnelle de moins de 60 ans (sauf retraité)";08/07/24
85;"Vendée";;;8505;"5Ème Circonscription";"HENRIET";"Pierre";"M";26/11/91;34;"Professeur, profession scientifique";08/07/24
86;"Vienne";;;8601;"1Ère Circonscription";"BELLUCO";"Lisa";"F";20/07/88;33;"Cadre de la fonction publique";08/07/24
86;"Vienne";;;8602;"2Ème Circonscription";"HOULIÉ";"Sacha";"M";08/10/88;31;"Profession libérale";08/07/24
86;"Vienne";;;8603;"3Ème Circonscription";"LECAMP";"Pascal";"M";06/04/58;37;"Cadre administratif et commercial d'entreprise";08/07/24
86;"Vienne";;;8604;"4Ème Circonscription";"TURQUOIS";"Nicolas";"M";26/07/72;13;"Agriculteur sur grande exploitation";08/07/24
87;"Haute-Vienne";;;8701;"1Ère Circonscription";"MAUDET";"Damien";"M";14/11/96;37;"Cadre administratif et commercial d'entreprise";08/07/24
87;"Haute-Vienne";;;8702;"2Ème Circonscription";"DELAUTRETTE";"Stéphane";"M";20/09/72;38;"Ingénieur et cadre technique d'entreprise";08/07/24
87;"Haute-Vienne";;;8703;"3Ème Circonscription";"MEUNIER";"Manon";"F";30/03/96;85;"Personne diverse sans activité professionnelle de moins de 60 ans (sauf retraité)";08/07/24
88;"Vosges";;;8801;"1Ère Circonscription";"VIRY";"Stéphane";"M";14/10/69;31;"Profession libérale";08/07/24
88;"Vosges";;;8802;"2Ème Circonscription";"DUSSAUSAYE";"Gaëtan";"M";05/04/94;55;"Employé de commerce";08/07/24
88;"Vosges";;;8803;"3Ème Circonscription";"NAEGELEN";"Christophe";"M";30/12/83;23;"Chef d'entreprise de 10 salariés ou plus";08/07/24
88;"Vosges";;;8804;"4Ème Circonscription";"HUMBERT";"Sébastien";"M";10/07/90;33;"Cadre de la fonction publique";08/07/24
89;"Yonne";;;8901;"1Ère Circonscription";"GRENON";"Daniel";"M";31/07/48;72;"Ancien artisan, commerçant, chef d'entreprise";08/07/24
89;"Yonne";;;8902;"2Ème Circonscription";"ROY";"Sophie-Laurence";"F";23/12/55;31;"Profession libérale";08/07/24
89;"Yonne";;;8903;"3Ème Circonscription";"ODOUL";"Julien";"M";08/05/85;33;"Cadre de la fonction publique";01/07/24
90;"Territoire De Belfort";;;9001;"1Ère Circonscription";"BOUCARD";"Ian";"M";05/05/88;77;"Ancien employé";08/07/24
90;"Territoire De Belfort";;;9002;"2Ème Circonscription";"BIGOT";"Guillaume";"M";14/11/69;35;"Profession de l'information, des arts et des spectacles";08/07/24
91;"Essonne";;;9101;"1Ère Circonscription";"AMRANI";"Farida";"F";03/09/76;33;"Cadre de la fonction publique";08/07/24
91;"Essonne";;;9102;"2Ème Circonscription";"DA CONCEICAO CARVALHO";"Nathalie";"F";31/03/66;72;"Ancien artisan, commerçant, chef d'entreprise";08/07/24
91;"Essonne";;;9103;"3Ème Circonscription";"GUSTAVE";"Steevy";"M";05/02/70;35;"Profession de l'information, des arts et des spectacles";08/07/24
91;"Essonne";;;9104;"4Ème Circonscription";"RIXAIN";"Marie-Pierre";"F";18/01/77;31;"Profession libérale";08/07/24
91;"Essonne";;;9105;"5Ème Circonscription";"MIDY";"Paul";"M";25/01/83;85;"Personne diverse sans activité professionnelle de moins de 60 ans (sauf retraité)";08/07/24
91;"Essonne";;;9106;"6Ème Circonscription";"GUEDJ";"Jérôme";"M";23/01/72;33;"Cadre de la fonction publique";08/07/24
91;"Essonne";;;9107;"7Ème Circonscription";"LEJEUNE";"Claire";"F";07/09/94;34;"Professeur, profession scientifique";08/07/24
91;"Essonne";;;9108;"8Ème Circonscription";"CERNON";"Bérenger";"M";02/05/88;85;"Personne diverse sans activité professionnelle de moins de 60 ans (sauf retraité)";08/07/24
91;"Essonne";;;9109;"9Ème Circonscription";"OZENNE";"Julie";"F";02/08/78;38;"Ingénieur et cadre technique d'entreprise";08/07/24
91;"Essonne";;;9110;"10Ème Circonscription";"LÉAUMENT";"Antoine";"M";04/09/89;85;"Personne diverse sans activité professionnelle de moins de 60 ans (sauf retraité)";08/07/24
92;"Hauts-De-Seine";;;9201;"1Ère Circonscription";"FAUCILLON";"Elsa";"F";06/08/81;46;"Profession intermédiaire administrative et commerciale des entreprises";01/07/24
92;"Hauts-De-Seine";;;9202;"2Ème Circonscription";"LAM";"Thomas";"M";22/10/81;23;"Chef d'entreprise de 10 salariés ou plus";08/07/24
92;"Hauts-De-Seine";;;9203;"3Ème Circonscription";"JUVIN";"Philippe";"M";01/02/64;34;"Professeur, profession scientifique";01/07/24
92;"Hauts-De-Seine";;;9204;"4Ème Circonscription";"SEBAIHI";"Sabrina";"F";10/05/81;85;"Personne diverse sans activité professionnelle de moins de 60 ans (sauf retraité)";08/07/24
92;"Hauts-De-Seine";;;9205;"5Ème Circonscription";"CALVEZ";"Céline";"F";24/07/79;33;"Cadre de la fonction publique";08/07/24
92;"Hauts-De-Seine";;;9206;"6Ème Circonscription";"LE GRIP";"Constance";"F";14/11/60;33;"Cadre de la fonction publique";08/07/24
92;"Hauts-De-Seine";;;9207;"7Ème Circonscription";"CAZENEUVE";"Pierre";"M";11/03/95;33;"Cadre de la fonction publique";01/07/24
92;"Hauts-De-Seine";;;9208;"8Ème Circonscription";"THEVENOT";"Prisca";"F";01/03/85;45;"Profession intermédiaire administrative de la fonction publique";08/07/24
92;"Hauts-De-Seine";;;9209;"9Ème Circonscription";"DE MAISTRE";"Elisabeth";"F";07/10/75;33;"Cadre de la fonction publique";09/02/25
92;"Hauts-De-Seine";;;9210;"10Ème Circonscription";"ATTAL";"Gabriel";"M";16/03/89;33;"Cadre de la fonction publique";08/07/24
92;"Hauts-De-Seine";;;9211;"11Ème Circonscription";"SAINTOUL";"Aurélien";"M";26/05/88;34;"Professeur, profession scientifique";01/07/24
92;"Hauts-De-Seine";;;9212;"12Ème Circonscription";"GUILLERM";"Carole";"F";08/01/87;37;"Cadre administratif et commercial d'entreprise";27/03/26
92;"Hauts-De-Seine";;;9213;"13Ème Circonscription";"MONGARDIEN";"Christophe";"M";09/01/63;38;"Ingénieur et cadre technique d'entreprise";13/11/25
93;"Seine-Saint-Denis";;;9301;"1Ère Circonscription";"COQUEREL";"Éric";"M";30/12/58;86;"Personne diverse sans activité professionnelle de 60 ans et plus (sauf retraité)";01/07/24
93;"Seine-Saint-Denis";;;9302;"2Ème Circonscription";"PEU";"Stéphane";"M";24/07/62;54;"Employé administratif d'entreprise";01/07/24
93;"Seine-Saint-Denis";;;9303;"3Ème Circonscription";"PORTES";"Thomas";"M";18/11/85;47;"Technicien";08/07/24
93;"Seine-Saint-Denis";;;9304;"4Ème Circonscription";"BOUROUAHA";"Soumya";"F";16/03/64;34;"Professeur, profession scientifique";08/07/24
93;"Seine-Saint-Denis";;;9305;"5Ème Circonscription";"DIOUARA";"Aly";"M";01/03/87;33;"Cadre de la fonction publique";08/07/24
93;"Seine-Saint-Denis";;;9306;"6Ème Circonscription";"LACHAUD";"Bastien";"M";05/08/80;34;"Professeur, profession scientifique";01/07/24
93;"Seine-Saint-Denis";;;9307;"7Ème Circonscription";"CORBIÈRE";"Alexis";"M";17/08/68;34;"Professeur, profession scientifique";08/07/24
93;"Seine-Saint-Denis";;;9308;"8Ème Circonscription";"KELOUA HACHI";"Fatiha";"F";05/06/71;85;"Personne diverse sans activité professionnelle de moins de 60 ans (sauf retraité)";08/07/24
93;"Seine-Saint-Denis";;;9309;"9Ème Circonscription";"TROUVÉ";"Aurélie";"F";20/09/79;34;"Professeur, profession scientifique";01/07/24
93;"Seine-Saint-Denis";;;9310;"10Ème Circonscription";"ABOMANGOLI";"Nadège";"F";15/09/75;33;"Cadre de la fonction publique";01/07/24
93;"Seine-Saint-Denis";;;9311;"11Ème Circonscription";"AUTAIN";"Clémentine";"F";26/05/73;35;"Profession de l'information, des arts et des spectacles";01/07/24
93;"Seine-Saint-Denis";;;9312;"12Ème Circonscription";"LEGAVRE";"Jérôme";"M";20/08/72;34;"Professeur, profession scientifique";08/07/24
94;"Val-De-Marne";;;9401;"1Ère Circonscription";"BERRIOS";"Sylvain";"M";06/05/68;33;"Cadre de la fonction publique";08/07/24
94;"Val-De-Marne";;;9402;"2Ème Circonscription";"GUETTÉ";"Clémence";"F";15/03/91;37;"Cadre administratif et commercial d'entreprise";01/07/24
94;"Val-De-Marne";;;9403;"3Ème Circonscription";"BOYARD";"Louis";"M";26/08/00;85;"Personne diverse sans activité professionnelle de moins de 60 ans (sauf retraité)";08/07/24
94;"Val-De-Marne";;;9404;"4Ème Circonscription";"PETIT";"Maud";"F";15/11/71;74;"Ancien cadre";08/07/24
94;"Val-De-Marne";;;9405;"5Ème Circonscription";"LALANNE";"Sandrine";"F";16/02/73;38;"Ingénieur et cadre technique d'entreprise";13/11/25
94;"Val-De-Marne";;;9406;"6Ème Circonscription";"GOUFFIER VALENTE";"Guillaume";"M";01/02/86;33;"Cadre de la fonction publique";08/07/24
94;"Val-De-Marne";;;9407;"7Ème Circonscription";"TRYZNA";"Nicolas";"M";15/12/87;31;"Profession libérale";13/11/25
94;"Val-De-Marne";;;9408;"8Ème Circonscription";"HERBILLON";"Michel";"M";06/03/51;74;"Ancien cadre";08/07/24
94;"Val-De-Marne";;;9409;"9Ème Circonscription";"SANTIAGO";"Isabelle";"F";20/09/65;74;"Ancien cadre";01/07/24
94;"Val-De-Marne";;;9410;"10Ème Circonscription";"PANOT";"Mathilde";"F";15/01/89;37;"Cadre administratif et commercial d'entreprise";01/07/24
94;"Val-De-Marne";;;9411;"11Ème Circonscription";"TAILLÉ-POLIAN";"Sophie";"F";04/10/74;33;"Cadre de la fonction publique";01/07/24
95;"Val-D'Oise";;;9501;"1Ère Circonscription";"SICARD";"Anne";"F";15/06/67;37;"Cadre administratif et commercial d'entreprise";08/07/24
95;"Val-D'Oise";;;9502;"2Ème Circonscription";"HADIZADEH";"Ayda";"F";12/02/82;33;"Cadre de la fonction publique";08/07/24
95;"Val-D'Oise";;;9503;"3Ème Circonscription";"MAUREL";"Emmanuel";"M";10/05/73;34;"Professeur, profession scientifique";08/07/24
95;"Val-D'Oise";;;9504;"4Ème Circonscription";"BLANCHARD";"Benoît";"M";01/05/61;74;"Ancien cadre";13/11/25
95;"Val-D'Oise";;;9505;"5Ème Circonscription";"VANNIER";"Paul";"M";19/09/85;34;"Professeur, profession scientifique";01/07/24
95;"Val-D'Oise";;;9506;"6Ème Circonscription";"CATHALA";"Gabrielle";"F";14/05/92;37;"Cadre administratif et commercial d'entreprise";08/07/24
95;"Val-D'Oise";;;9507;"7Ème Circonscription";"ESKENAZI";"Romain";"M";04/05/86;33;"Cadre de la fonction publique";08/07/24
95;"Val-D'Oise";;;9508;"8Ème Circonscription";"BILONGO";"Carlos Martens";"M";31/12/90;42;"Professeur des écoles, instituteur et assimilé";01/07/24
95;"Val-D'Oise";;;9509;"9Ème Circonscription";"LE GALL";"Arnaud";"M";29/11/80;52;"Employé civil et agent de service de la fonction publique";08/07/24
95;"Val-D'Oise";;;9510;"10Ème Circonscription";"TACHÉ";"Aurélien";"M";26/05/84;33;"Cadre de la fonction publique";08/07/24
971;"Guadeloupe";;;97101;"1Ère Circonscription";"SERVA";"Olivier";"M";21/06/74;31;"Profession libérale";08/07/24
971;"Guadeloupe";;;97102;"2Ème Circonscription";"BAPTISTE";"Christian";"M";18/06/62;74;"Ancien cadre";08/07/24
971;"Guadeloupe";;;97103;"3Ème Circonscription";"MATHIASIN";"Max";"M";24/02/56;33;"Cadre de la fonction publique";08/07/24
971;"Guadeloupe";;;97104;"4Ème Circonscription";"CALIFER";"Elie";"M";19/04/54;74;"Ancien cadre";08/07/24
972;"Martinique";972;"Martinique";97201;"1Ère Circonscription";"WILLIAM";"Jiovanny";"M";03/06/85;31;"Profession libérale";08/07/24
972;"Martinique";972;"Martinique";97202;"2Ème Circonscription";"NADEAU";"Marcellin";"M";02/11/62;33;"Cadre de la fonction publique";08/07/24
972;"Martinique";972;"Martinique";97203;"3Ème Circonscription";"BELLAY";"Beatrice";"F";25/07/75;33;"Cadre de la fonction publique";08/07/24
972;"Martinique";972;"Martinique";97204;"4Ème Circonscription";"NILOR";"Jean-Philippe";"M";15/05/65;85;"Personne diverse sans activité professionnelle de moins de 60 ans (sauf retraité)";08/07/24
973;"Guyane";973;"Guyane";97301;"1Ère Circonscription";"CASTOR";"Jean-Victor";"M";21/04/62;38;"Ingénieur et cadre technique d'entreprise";08/07/24
973;"Guyane";973;"Guyane";97302;"2Ème Circonscription";"RIMANE";"Davy";"M";15/12/79;47;"Technicien";08/07/24
974;"La Réunion";;;97401;"1Ère Circonscription";"NAILLET";"Philippe";"M";14/08/60;38;"Ingénieur et cadre technique d'entreprise";08/07/24
974;"La Réunion";;;97402;"2Ème Circonscription";"LEBON";"Karine";"F";09/06/85;42;"Professeur des écoles, instituteur et assimilé";08/07/24
974;"La Réunion";;;97403;"3Ème Circonscription";"RIVIERE";"Joseph";"M";15/10/71;45;"Profession intermédiaire administrative de la fonction publique";08/07/24
974;"La Réunion";;;97404;"4Ème Circonscription";"KBIDI";"Emeline";"F";13/05/87;31;"Profession libérale";08/07/24
974;"La Réunion";;;97405;"5Ème Circonscription";"RATENON";"Jean-Hugues";"M";25/06/67;43;"Profession intermédiaire de la santé et du travail social";08/07/24
974;"La Réunion";;;97406;"6Ème Circonscription";"MAILLOT";"Frédéric";"M";15/11/86;56;"Personnel des services directs aux particuliers";08/07/24
974;"La Réunion";;;97407;"7Ème Circonscription";"GAILLARD";"Perceval";"M";24/04/83;43;"Profession intermédiaire de la santé et du travail social";08/07/24
976;"Mayotte";;;97601;"1Ère Circonscription";"YOUSSOUFFA";"Estelle";"F";31/07/78;35;"Profession de l'information, des arts et des spectacles";01/07/24
976;"Mayotte";;;97602;"2Ème Circonscription";"BAMANA";"Anchya";"F";12/03/71;33;"Cadre de la fonction publique";08/07/24
"ZZ";"Français Établis Hors De France";;;"ZZ01";"1Ère Circonscription";"WEISSBERG";"Christopher";"M";26/11/85;37;"Cadre administratif et commercial d'entreprise";13/11/25
"ZZ";"Français Établis Hors De France";;;"ZZ02";"2Ème Circonscription";"LARROUQUIS";"Benoît";"M";18/11/69;46;"Profession intermédiaire administrative et commerciale des entreprises";13/11/25
"ZZ";"Français Établis Hors De France";;;"ZZ03";"3Ème Circonscription";"CAURE";"Vincent";"M";31/12/92;33;"Cadre de la fonction publique";08/07/24
"ZZ";"Français Établis Hors De France";;;"ZZ04";"4Ème Circonscription";"ANGLADE";"Pieyre-Alexandre";"M";02/11/86;33;"Cadre de la fonction publique";08/07/24
"ZZ";"Français Établis Hors De France";;;"ZZ05";"5Ème Circonscription";"COGGIA";"Nathalie";"F";16/07/77;37;"Cadre administratif et commercial d'entreprise";13/10/25
"ZZ";"Français Établis Hors De France";;;"ZZ06";"6Ème Circonscription";"FERRACCI";"Marc";"M";19/12/77;34;"Professeur, profession scientifique";06/11/25
"ZZ";"Français Établis Hors De France";;;"ZZ07";"7Ème Circonscription";"PETIT";"Frédéric";"M";10/02/61;38;"Ingénieur et cadre technique d'entreprise";08/07/24
"ZZ";"Français Établis Hors De France";;;"ZZ08";"8Ème Circonscription";"YADAN";"Caroline";"F";14/08/68;31;"Profession libérale";08/07/24
"ZZ";"Français Établis Hors De France";;;"ZZ09";"9Ème Circonscription";"BEN CHEÏKH";"Karim";"M";19/03/77;33;"Cadre de la fonction publique";08/07/24
"ZZ";"Français Établis Hors De France";;;"ZZ10";"10Ème Circonscription";"LAKRAFI";"Amélia";"F";20/03/78;72;"Ancien artisan, commerçant, chef d'entreprise";08/07/24
"ZZ";"Français Établis Hors De France";;;"ZZ11";"11Ème Circonscription";"GENETET";"Anne";"F";20/04/63;31;"Profession libérale";24/01/25
;;975;"Saint-Pierre-Et-Miquelon";97501;"Saint-Pierre-Et-Miquelon";"LENORMAND";"Stéphane";"M";13/08/64;74;"Ancien cadre";08/07/24
;;986;"Wallis Et Futuna";98601;"1Ère Circonscription";"SEO";"Mikaele";"M";27/12/71;45;"Profession intermédiaire administrative de la fonction publique";01/07/24
;;987;"Polynésie Française";98701;"1Ère Circonscription";"FREBAULT";"Moerani";"M";22/08/88;33;"Cadre de la fonction publique";01/07/24
;;987;"Polynésie Française";98702;"2Ème Circonscription";"SANQUER";"Nicole";"F";16/06/72;34;"Professeur, profession scientifique";08/07/24
;;987;"Polynésie Française";98703;"3Ème Circonscription";"REID ABERLOT";"Mereana";"F";12/09/70;33;"Cadre de la fonction publique";08/07/24
;;988;"Nouvelle-Calédonie";98801;"1Ère Circonscription";"METZDORF";"Nicolas";"M";20/05/88;38;"Ingénieur et cadre technique d'entreprise";08/07/24
;;988;"Nouvelle-Calédonie";98802;"2Ème Circonscription";"TJIBAOU";"Emmanuel";"M";17/03/76;33;"Cadre de la fonction publique";08/07/24
;;"ZX";"Saint-Martin / Saint-Barthélémy";97701;"1Ère Circonscription";"GUMBS";"Frantz";"M";21/01/54;74;"Ancien cadre";08/07/24
