Code de la région;Libellé de la région;Code du département;Libellé du  département;Code de la collectivité à statut particulier;Libellé de la collectivité à statut particulier;Code de la section - collectivité à statut particulier;Libellé de la section - collectivité à statut particulier;Code de la circonscription métropolitaine;Libellé de la circonscription métropolitaine;Nom de l'élu;Prénom de l'élu;Code sexe;Date de naissance;Code de la catégorie socio-professionnelle;Libellé de la catégorie socio-professionnelle;Date de début du mandat;Libellé de la fonction;Date de début de la fonction
;;;;975;Saint-Pierre-Et-Miquelon;;;;;BRIAND;Bernard;M;05/07/1974;42;Professeur des écoles, instituteur et assimilé;19/03/2017;Président de l'assemblée;13/10/2020
;;;;975;Saint-Pierre-Et-Miquelon;;;;;DAGORT;Jean-Louis;M;28/03/1964;52;Employé civil et agent de service de la fonction publique;19/03/2017;Membre de l'organe exécutif;24/10/2017
;;;;975;Saint-Pierre-Et-Miquelon;;;;;LEMOINE;Claude;M;03/07/1984;52;Employé civil et agent de service de la fonction publique;19/03/2017;Vice-président de l'organe éxécutif;13/10/2020
;;;;975;Saint-Pierre-Et-Miquelon;;;;;SKINNER;Sandy;F;02/11/1988;43;Profession intermédiaire de la santé et du travail social;19/03/2017;;
84;Auvergne-Rhône-Alpes;69;Rhône;69M;Métropole De Lyon;;;69001;Lones Et Coteaux;ARAUJO;Olivier;M;10/07/1980;37;Cadre administratif et commercial d'entreprise;23/03/2026;Vice-président de l'assemblée;26/03/2026
84;Auvergne-Rhône-Alpes;69;Rhône;69M;Métropole De Lyon;;;69001;Lones Et Coteaux;DEGRANGE;Marc;M;10/05/1967;22;Commerçant et assimilé;23/03/2026;Autre membre;26/03/2026
84;Auvergne-Rhône-Alpes;69;Rhône;69M;Métropole De Lyon;;;69001;Lones Et Coteaux;DELORME;Clément;M;21/01/1988;37;Cadre administratif et commercial d'entreprise;23/03/2026;Autre membre;26/03/2026
84;Auvergne-Rhône-Alpes;69;Rhône;69M;Métropole De Lyon;;;69001;Lones Et Coteaux;FRAPPA-ROUSSE;Carine;F;14/05/1975;33;Cadre de la fonction publique;23/03/2026;Autre membre;26/03/2026
84;Auvergne-Rhône-Alpes;69;Rhône;69M;Métropole De Lyon;;;69001;Lones Et Coteaux;FREYER;Blandine;F;24/05/1969;85;Personne diverse sans activité professionnelle de moins de 60 ans (sauf retraité);23/03/2026;Autre membre;26/03/2026
84;Auvergne-Rhône-Alpes;69;Rhône;69M;Métropole De Lyon;;;69001;Lones Et Coteaux;FUGIT;Jean-Luc;M;27/11/1969;34;Professeur, profession scientifique;23/03/2026;Autre membre;26/03/2026
84;Auvergne-Rhône-Alpes;69;Rhône;69M;Métropole De Lyon;;;69001;Lones Et Coteaux;GROSPERRIN;Anne;F;19/05/1959;74;Ancien cadre;23/03/2026;Autre membre;26/03/2026
84;Auvergne-Rhône-Alpes;69;Rhône;69M;Métropole De Lyon;;;69001;Lones Et Coteaux;KOHLHAAS;Jean-Charles;M;29/09/1964;31;Profession libérale;23/03/2026;Autre membre;26/03/2026
84;Auvergne-Rhône-Alpes;69;Rhône;69M;Métropole De Lyon;;;69001;Lones Et Coteaux;LACROIX SABRAN;Isabelle;F;27/11/1961;74;Ancien cadre;23/03/2026;Autre membre;26/03/2026
84;Auvergne-Rhône-Alpes;69;Rhône;69M;Métropole De Lyon;;;69001;Lones Et Coteaux;MILLET;Marylène;F;05/05/1967;37;Cadre administratif et commercial d'entreprise;23/03/2026;Autre membre;26/03/2026
84;Auvergne-Rhône-Alpes;69;Rhône;69M;Métropole De Lyon;;;69001;Lones Et Coteaux;MOROGE;Jérôme;M;23/08/1979;85;Personne diverse sans activité professionnelle de moins de 60 ans (sauf retraité);23/03/2026;Vice-président de l'assemblée;26/03/2026
84;Auvergne-Rhône-Alpes;69;Rhône;69M;Métropole De Lyon;;;69001;Lones Et Coteaux;PATOUT;Cécile;F;20/03/1990;33;Cadre de la fonction publique;23/03/2026;Autre membre;26/03/2026
84;Auvergne-Rhône-Alpes;69;Rhône;69M;Métropole De Lyon;;;69002;Lyon-Ouest;AULAS;Jean-Michel;M;22/03/1949;23;Chef d'entreprise de 10 salariés ou plus;23/03/2026;Vice-président de l'assemblée;26/03/2026
84;Auvergne-Rhône-Alpes;69;Rhône;69M;Métropole De Lyon;;;69002;Lyon-Ouest;BENCHARAA;Myriam;F;25/06/1976;23;Chef d'entreprise de 10 salariés ou plus;23/03/2026;Vice-président de l'assemblée;26/03/2026
84;Auvergne-Rhône-Alpes;69;Rhône;69M;Métropole De Lyon;;;69002;Lyon-Ouest;BONNET;Nicolas;M;25/01/1974;37;Cadre administratif et commercial d'entreprise;23/03/2026;Autre membre;26/03/2026
84;Auvergne-Rhône-Alpes;69;Rhône;69M;Métropole De Lyon;;;69002;Lyon-Ouest;BOUZERDA;Fouziya;F;02/06/1971;37;Cadre administratif et commercial d'entreprise;23/03/2026;Autre membre;26/03/2026
84;Auvergne-Rhône-Alpes;69;Rhône;69M;Métropole De Lyon;;;69002;Lyon-Ouest;CUCHERAT;Yann;M;02/10/1979;33;Cadre de la fonction publique;23/03/2026;Autre membre;26/03/2026
84;Auvergne-Rhône-Alpes;69;Rhône;69M;Métropole De Lyon;;;69002;Lyon-Ouest;CÉDAT;Laure;F;05/04/1978;31;Profession libérale;23/03/2026;Vice-président de l'assemblée;26/03/2026
84;Auvergne-Rhône-Alpes;69;Rhône;69M;Métropole De Lyon;;;69002;Lyon-Ouest;GEORGEL;Nadine;F;21/05/1977;34;Professeur, profession scientifique;23/03/2026;Autre membre;26/03/2026
84;Auvergne-Rhône-Alpes;69;Rhône;69M;Métropole De Lyon;;;69002;Lyon-Ouest;JOURNY;François;M;22/06/1982;23;Chef d'entreprise de 10 salariés ou plus;23/03/2026;Autre membre;26/03/2026
84;Auvergne-Rhône-Alpes;69;Rhône;69M;Métropole De Lyon;;;69002;Lyon-Ouest;ROTHÉ;Pascal;M;02/12/1960;33;Cadre de la fonction publique;23/03/2026;Vice-président de l'assemblée;26/03/2026
84;Auvergne-Rhône-Alpes;69;Rhône;69M;Métropole De Lyon;;;69002;Lyon-Ouest;RUDIGOZ;Thomas;M;11/01/1971;31;Profession libérale;23/03/2026;Autre membre;26/03/2026
84;Auvergne-Rhône-Alpes;69;Rhône;69M;Métropole De Lyon;;;69002;Lyon-Ouest;VOISIN-MOULINIER;Catherine;F;25/02/1960;74;Ancien cadre;23/03/2026;Autre membre;26/03/2026
84;Auvergne-Rhône-Alpes;69;Rhône;69M;Métropole De Lyon;;;69003;Lyon-Sud;BATAL;Abdel;M;02/05/1977;37;Cadre administratif et commercial d'entreprise;23/03/2026;Autre membre;26/03/2026
84;Auvergne-Rhône-Alpes;69;Rhône;69M;Métropole De Lyon;;;69003;Lyon-Sud;DE LAURENS;Céline;F;22/07/1980;37;Cadre administratif et commercial d'entreprise;23/03/2026;Autre membre;26/03/2026
84;Auvergne-Rhône-Alpes;69;Rhône;69M;Métropole De Lyon;;;69003;Lyon-Sud;DUBOT;Fanny;F;02/03/1989;78;Ancien ouvrier;23/03/2026;Autre membre;26/03/2026
84;Auvergne-Rhône-Alpes;69;Rhône;69M;Métropole De Lyon;;;69003;Lyon-Sud;GAGNAIRE;Stéphanie;F;29/06/1971;37;Cadre administratif et commercial d'entreprise;23/03/2026;Autre membre;26/03/2026
84;Auvergne-Rhône-Alpes;69;Rhône;69M;Métropole De Lyon;;;69003;Lyon-Sud;GEOURJON;Christophe;M;24/08/1966;34;Professeur, profession scientifique;23/03/2026;Vice-président de l'assemblée;26/03/2026
84;Auvergne-Rhône-Alpes;69;Rhône;69M;Métropole De Lyon;;;69003;Lyon-Sud;MONOT;Vincent;M;28/09/1981;33;Cadre de la fonction publique;23/03/2026;Autre membre;26/03/2026
84;Auvergne-Rhône-Alpes;69;Rhône;69M;Métropole De Lyon;;;69003;Lyon-Sud;PAYRE;Renaud;M;24/04/1975;34;Professeur, profession scientifique;23/03/2026;Autre membre;26/03/2026
84;Auvergne-Rhône-Alpes;69;Rhône;69M;Métropole De Lyon;;;69003;Lyon-Sud;VACHER;Lucie;F;06/05/1989;34;Professeur, profession scientifique;23/03/2026;Autre membre;26/03/2026
84;Auvergne-Rhône-Alpes;69;Rhône;69M;Métropole De Lyon;;;69004;Lyon-Centre;BAGNON;Fabien;M;21/08/1975;38;Ingénieur et cadre technique d'entreprise;23/03/2026;Autre membre;26/03/2026
84;Auvergne-Rhône-Alpes;69;Rhône;69M;Métropole De Lyon;;;69004;Lyon-Centre;BAUME;Emeline;F;03/09/1977;45;Profession intermédiaire administrative de la fonction publique;23/03/2026;Autre membre;26/03/2026
84;Auvergne-Rhône-Alpes;69;Rhône;69M;Métropole De Lyon;;;69004;Lyon-Centre;BERTRAND;Jérôme;M;29/06/1980;37;Cadre administratif et commercial d'entreprise;23/03/2026;Autre membre;26/03/2026
84;Auvergne-Rhône-Alpes;69;Rhône;69M;Métropole De Lyon;;;69004;Lyon-Centre;BOFFET;Laurence;F;02/01/1973;38;Ingénieur et cadre technique d'entreprise;23/03/2026;Autre membre;26/03/2026
84;Auvergne-Rhône-Alpes;69;Rhône;69M;Métropole De Lyon;;;69004;Lyon-Centre;BOLLIET;Suzy;F;12/11/1994;37;Cadre administratif et commercial d'entreprise;23/03/2026;Autre membre;26/03/2026
84;Auvergne-Rhône-Alpes;69;Rhône;69M;Métropole De Lyon;;;69004;Lyon-Centre;BONNEFOY;Thomas;M;19/12/1990;37;Cadre administratif et commercial d'entreprise;23/03/2026;Autre membre;26/03/2026
84;Auvergne-Rhône-Alpes;69;Rhône;69M;Métropole De Lyon;;;69004;Lyon-Centre;BOUKRALFA;Kheira;F;14/10/1975;37;Cadre administratif et commercial d'entreprise;23/03/2026;Autre membre;26/03/2026
84;Auvergne-Rhône-Alpes;69;Rhône;69M;Métropole De Lyon;;;69004;Lyon-Centre;GUITARD;Aline;F;29/03/1972;34;Professeur, profession scientifique;23/03/2026;Autre membre;26/03/2026
84;Auvergne-Rhône-Alpes;69;Rhône;69M;Métropole De Lyon;;;69004;Lyon-Centre;LORENTZ POINSOT;Valérie;F;07/11/1968;31;Profession libérale;23/03/2026;Autre membre;26/03/2026
84;Auvergne-Rhône-Alpes;69;Rhône;69M;Métropole De Lyon;;;69004;Lyon-Centre;LUNGENSTRASS;Valentin;M;15/07/1994;38;Ingénieur et cadre technique d'entreprise;23/03/2026;Autre membre;26/03/2026
84;Auvergne-Rhône-Alpes;69;Rhône;69M;Métropole De Lyon;;;69004;Lyon-Centre;OLIVER;Pierre;M;09/06/1992;85;Personne diverse sans activité professionnelle de moins de 60 ans (sauf retraité);23/03/2026;Vice-président de l'assemblée;26/03/2026
84;Auvergne-Rhône-Alpes;69;Rhône;69M;Métropole De Lyon;;;69005;Lyon-Est;BADOUARD;Benjamin;M;20/06/1983;37;Cadre administratif et commercial d'entreprise;23/03/2026;Autre membre;26/03/2026
84;Auvergne-Rhône-Alpes;69;Rhône;69M;Métropole De Lyon;;;69005;Lyon-Est;BARONNIER;Hélène;F;26/04/1975;31;Profession libérale;23/03/2026;Autre membre;26/03/2026
84;Auvergne-Rhône-Alpes;69;Rhône;69M;Métropole De Lyon;;;69005;Lyon-Est;BERAT;Pierre;M;26/11/1967;33;Cadre de la fonction publique;23/03/2026;Autre membre;26/03/2026
84;Auvergne-Rhône-Alpes;69;Rhône;69M;Métropole De Lyon;;;69005;Lyon-Est;BURILLON;Carole;F;29/12/1956;34;Professeur, profession scientifique;23/03/2026;Autre membre;26/03/2026
84;Auvergne-Rhône-Alpes;69;Rhône;69M;Métropole De Lyon;;;69005;Lyon-Est;GUILLOTEAU;Maryll;F;09/05/1986;45;Profession intermédiaire administrative de la fonction publique;23/03/2026;Autre membre;26/03/2026
84;Auvergne-Rhône-Alpes;69;Rhône;69M;Métropole De Lyon;;;69005;Lyon-Est;LAFOND;Eric;M;30/08/1972;37;Cadre administratif et commercial d'entreprise;23/03/2026;Autre membre;26/03/2026
84;Auvergne-Rhône-Alpes;69;Rhône;69M;Métropole De Lyon;;;69005;Lyon-Est;THEROND;Pierre;M;16/12/1979;34;Professeur, profession scientifique;23/03/2026;Autre membre;26/03/2026
84;Auvergne-Rhône-Alpes;69;Rhône;69M;Métropole De Lyon;;;69006;Lyon-Nord;CROIZIER;Laurence;F;01/07/1961;86;Personne diverse sans activité professionnelle de 60 ans et plus (sauf retraité);23/03/2026;Vice-président de l'assemblée;26/03/2026
84;Auvergne-Rhône-Alpes;69;Rhône;69M;Métropole De Lyon;;;69006;Lyon-Nord;DE MONTILLE;Béatrice;F;12/02/1977;23;Chef d'entreprise de 10 salariés ou plus;23/03/2026;Vice-président de l'assemblée;26/03/2026
84;Auvergne-Rhône-Alpes;69;Rhône;69M;Métropole De Lyon;;;69006;Lyon-Nord;HAMELIN;Emmanuel;M;28/12/1957;77;Ancien employé;23/03/2026;Vice-président de l'assemblée;26/03/2026
84;Auvergne-Rhône-Alpes;69;Rhône;69M;Métropole De Lyon;;;69006;Lyon-Nord;IMBERTON;Emmanuel;M;17/12/1957;23;Chef d'entreprise de 10 salariés ou plus;23/03/2026;Vice-président de l'assemblée;26/03/2026
84;Auvergne-Rhône-Alpes;69;Rhône;69M;Métropole De Lyon;;;69006;Lyon-Nord;MARGUIN;Christophe;M;25/12/1967;21;Artisan;23/03/2026;Autre membre;26/03/2026
84;Auvergne-Rhône-Alpes;69;Rhône;69M;Métropole De Lyon;;;69006;Lyon-Nord;PEILLON;Sarah;F;11/04/1981;37;Cadre administratif et commercial d'entreprise;23/03/2026;Vice-président de l'assemblée;26/03/2026
84;Auvergne-Rhône-Alpes;69;Rhône;69M;Métropole De Lyon;;;69006;Lyon-Nord;ROUX DE BEZIEUX;Elodie;F;12/04/1977;37;Cadre administratif et commercial d'entreprise;23/03/2026;Autre membre;26/03/2026
84;Auvergne-Rhône-Alpes;69;Rhône;69M;Métropole De Lyon;;;69006;Lyon-Nord;RUNEL;Sandrine;F;01/06/1979;33;Cadre de la fonction publique;23/03/2026;Autre membre;26/03/2026
84;Auvergne-Rhône-Alpes;69;Rhône;69M;Métropole De Lyon;;;69006;Lyon-Nord;SARRASIN;Nicolas;M;16/08/1989;37;Cadre administratif et commercial d'entreprise;23/03/2026;Autre membre;26/03/2026
84;Auvergne-Rhône-Alpes;69;Rhône;69M;Métropole De Lyon;;;69007;Lyon-Sud-Est;BENYAHIA;Abdeljalil;M;29/01/1975;47;Technicien;23/03/2026;Autre membre;26/03/2026
84;Auvergne-Rhône-Alpes;69;Rhône;69M;Métropole De Lyon;;;69007;Lyon-Sud-Est;CASTETS;Marie;F;29/04/1979;33;Cadre de la fonction publique;23/03/2026;Autre membre;26/03/2026
84;Auvergne-Rhône-Alpes;69;Rhône;69M;Métropole De Lyon;;;69007;Lyon-Sud-Est;DJAADI;Anissa;F;24/07/1984;37;Cadre administratif et commercial d'entreprise;23/03/2026;Autre membre;26/03/2026
84;Auvergne-Rhône-Alpes;69;Rhône;69M;Métropole De Lyon;;;69007;Lyon-Sud-Est;DOUCET;Grégory;M;22/08/1973;43;Profession intermédiaire de la santé et du travail social;23/03/2026;Autre membre;26/03/2026
84;Auvergne-Rhône-Alpes;69;Rhône;69M;Métropole De Lyon;;;69007;Lyon-Sud-Est;GARIN;Marie-Charlotte;F;02/09/1995;37;Cadre administratif et commercial d'entreprise;23/03/2026;Autre membre;26/03/2026
84;Auvergne-Rhône-Alpes;69;Rhône;69M;Métropole De Lyon;;;69007;Lyon-Sud-Est;GUELPA-BONARO;Philippe;M;10/03/1985;31;Profession libérale;23/03/2026;Autre membre;26/03/2026
84;Auvergne-Rhône-Alpes;69;Rhône;69M;Métropole De Lyon;;;69007;Lyon-Sud-Est;LE FAOU;Michel;M;10/10/1967;38;Ingénieur et cadre technique d'entreprise;23/03/2026;Autre membre;26/03/2026
84;Auvergne-Rhône-Alpes;69;Rhône;69M;Métropole De Lyon;;;69007;Lyon-Sud-Est;LEGER;Stéphanie;F;26/09/1972;46;Profession intermédiaire administrative et commerciale des entreprises;23/03/2026;Autre membre;26/03/2026
84;Auvergne-Rhône-Alpes;69;Rhône;69M;Métropole De Lyon;;;69007;Lyon-Sud-Est;SERVANTON;Charlène;F;30/01/1991;33;Cadre de la fonction publique;23/03/2026;Autre membre;26/03/2026
84;Auvergne-Rhône-Alpes;69;Rhône;69M;Métropole De Lyon;;;69008;Ouest;BAZAILLE;Pascale;F;21/01/1963;86;Personne diverse sans activité professionnelle de 60 ans et plus (sauf retraité);16/03/2026;Autre membre;26/03/2026
84;Auvergne-Rhône-Alpes;69;Rhône;69M;Métropole De Lyon;;;69008;Ouest;BUFFET;François-Noël;M;28/08/1963;31;Profession libérale;16/03/2026;Autre membre;26/03/2026
84;Auvergne-Rhône-Alpes;69;Rhône;69M;Métropole De Lyon;;;69008;Ouest;CHADIER;Sandrine;F;05/04/1972;37;Cadre administratif et commercial d'entreprise;16/03/2026;Vice-président de l'assemblée;26/03/2026
84;Auvergne-Rhône-Alpes;69;Rhône;69M;Métropole De Lyon;;;69008;Ouest;CHARMOT;Pascal;M;02/09/1962;45;Profession intermédiaire administrative de la fonction publique;16/03/2026;Vice-président de l'assemblée;26/03/2026
84;Auvergne-Rhône-Alpes;69;Rhône;69M;Métropole De Lyon;;;69008;Ouest;COMMUN;Loïc;M;04/06/1981;34;Professeur, profession scientifique;16/03/2026;Autre membre;26/03/2026
84;Auvergne-Rhône-Alpes;69;Rhône;69M;Métropole De Lyon;;;69008;Ouest;DUVIVIER;Hélène;F;20/12/1963;37;Cadre administratif et commercial d'entreprise;16/03/2026;Autre membre;26/03/2026
84;Auvergne-Rhône-Alpes;69;Rhône;69M;Métropole De Lyon;;;69008;Ouest;ISAAC-SIBILLE;Cyrille;M;30/04/1958;75;Ancienne profession intermédiaire;16/03/2026;Autre membre;26/03/2026
84;Auvergne-Rhône-Alpes;69;Rhône;69M;Métropole De Lyon;;;69008;Ouest;POUZIN;Claire;F;10/08/1983;37;Cadre administratif et commercial d'entreprise;16/03/2026;Vice-président de l'assemblée;26/03/2026
84;Auvergne-Rhône-Alpes;69;Rhône;69M;Métropole De Lyon;;;69008;Ouest;SARSELLI;Véronique;F;18/12/1968;34;Professeur, profession scientifique;16/03/2026;Président de l'assemblée;26/03/2026
84;Auvergne-Rhône-Alpes;69;Rhône;69M;Métropole De Lyon;;;69009;Plateau Nord-Caluire;JOINT;Bastien;M;09/10/1994;34;Professeur, profession scientifique;16/03/2026;Vice-président de l'assemblée;26/03/2026
84;Auvergne-Rhône-Alpes;69;Rhône;69M;Métropole De Lyon;;;69009;Plateau Nord-Caluire;MAINAND;Isabelle;F;30/05/1964;46;Profession intermédiaire administrative et commerciale des entreprises;16/03/2026;Autre membre;26/03/2026
84;Auvergne-Rhône-Alpes;69;Rhône;69M;Métropole De Lyon;;;69009;Plateau Nord-Caluire;MATTEUCCI;Fabrice;M;10/02/1970;37;Cadre administratif et commercial d'entreprise;16/03/2026;Autre membre;26/03/2026
84;Auvergne-Rhône-Alpes;69;Rhône;69M;Métropole De Lyon;;;69009;Plateau Nord-Caluire;MONNET;Marie-Claude;F;06/12/1961;74;Ancien cadre;16/03/2026;Autre membre;26/03/2026
84;Auvergne-Rhône-Alpes;69;Rhône;69M;Métropole De Lyon;;;69009;Plateau Nord-Caluire;MONNIER;Damien;M;12/10/1985;34;Professeur, profession scientifique;16/03/2026;Autre membre;26/03/2026
84;Auvergne-Rhône-Alpes;69;Rhône;69M;Métropole De Lyon;;;69009;Plateau Nord-Caluire;PELLEGRINI;Gladys;F;13/08/1960;31;Profession libérale;16/03/2026;Autre membre;26/03/2026
84;Auvergne-Rhône-Alpes;69;Rhône;69M;Métropole De Lyon;;;69009;Plateau Nord-Caluire;SMATI;Julien;M;02/09/1975;23;Chef d'entreprise de 10 salariés ou plus;16/03/2026;Autre membre;26/03/2026
84;Auvergne-Rhône-Alpes;69;Rhône;69M;Métropole De Lyon;;;69009;Plateau Nord-Caluire;VINCENDET;Alexandre;M;06/10/1983;33;Cadre de la fonction publique;16/03/2026;Vice-président de l'assemblée;26/03/2026
84;Auvergne-Rhône-Alpes;69;Rhône;69M;Métropole De Lyon;;;69010;Porte Des Alpes;ALLEMAND;Sylvie;F;07/04/1960;54;Employé administratif d'entreprise;16/03/2026;Autre membre;26/03/2026
84;Auvergne-Rhône-Alpes;69;Rhône;69M;Métropole De Lyon;;;69010;Porte Des Alpes;BRÉAUD;Jérémie;M;19/03/1981;85;Personne diverse sans activité professionnelle de moins de 60 ans (sauf retraité);16/03/2026;Vice-président de l'assemblée;26/03/2026
84;Auvergne-Rhône-Alpes;69;Rhône;69M;Métropole De Lyon;;;69010;Porte Des Alpes;CARRIER;Marion;F;12/11/1996;37;Cadre administratif et commercial d'entreprise;16/03/2026;Autre membre;26/03/2026
84;Auvergne-Rhône-Alpes;69;Rhône;69M;Métropole De Lyon;;;69010;Porte Des Alpes;CHAREYRE;Martine;F;27/04/1953;43;Profession intermédiaire de la santé et du travail social;16/03/2026;Autre membre;26/03/2026
84;Auvergne-Rhône-Alpes;69;Rhône;69M;Métropole De Lyon;;;69010;Porte Des Alpes;DELAIGUE;Serge;M;31/07/1956;74;Ancien cadre;16/03/2026;Autre membre;26/03/2026
84;Auvergne-Rhône-Alpes;69;Rhône;69M;Métropole De Lyon;;;69010;Porte Des Alpes;DOYELLE;Manon;F;15/07/1989;37;Cadre administratif et commercial d'entreprise;16/03/2026;Autre membre;26/03/2026
84;Auvergne-Rhône-Alpes;69;Rhône;69M;Métropole De Lyon;;;69010;Porte Des Alpes;EL FALOUSSI;Messaouda;F;19/11/1969;85;Personne diverse sans activité professionnelle de moins de 60 ans (sauf retraité);16/03/2026;Autre membre;26/03/2026
84;Auvergne-Rhône-Alpes;69;Rhône;69M;Métropole De Lyon;;;69010;Porte Des Alpes;GASCON;Gilles;M;21/01/1967;85;Personne diverse sans activité professionnelle de moins de 60 ans (sauf retraité);16/03/2026;Vice-président de l'assemblée;26/03/2026
84;Auvergne-Rhône-Alpes;69;Rhône;69M;Métropole De Lyon;;;69010;Porte Des Alpes;GUIGUET;Julien;M;10/06/1984;33;Cadre de la fonction publique;16/03/2026;Autre membre;26/03/2026
84;Auvergne-Rhône-Alpes;69;Rhône;69M;Métropole De Lyon;;;69010;Porte Des Alpes;JONCOUR;Tiffany;F;02/09/1989;37;Cadre administratif et commercial d'entreprise;16/03/2026;Autre membre;26/03/2026
84;Auvergne-Rhône-Alpes;69;Rhône;69M;Métropole De Lyon;;;69010;Porte Des Alpes;PEILLET;Stéphane;M;15/11/1966;12;Agriculteur sur moyenne exploitation;16/03/2026;Autre membre;26/03/2026
84;Auvergne-Rhône-Alpes;69;Rhône;69M;Métropole De Lyon;;;69010;Porte Des Alpes;SIBEUD;Nicole;F;05/11/1956;74;Ancien cadre;16/03/2026;Vice-président de l'assemblée;26/03/2026
84;Auvergne-Rhône-Alpes;69;Rhône;69M;Métropole De Lyon;;;69011;Portes Du Sud;ALMERAS;Ludovic;M;09/05/1980;43;Profession intermédiaire de la santé et du travail social;23/03/2026;Autre membre;26/03/2026
84;Auvergne-Rhône-Alpes;69;Rhône;69M;Métropole De Lyon;;;69011;Portes Du Sud;BOUMERTIT;Idir;M;04/10/1974;54;Employé administratif d'entreprise;23/03/2026;Autre membre;26/03/2026
84;Auvergne-Rhône-Alpes;69;Rhône;69M;Métropole De Lyon;;;69011;Portes Du Sud;CHARAVIA;Marco;M;18/04/1972;54;Employé administratif d'entreprise;23/03/2026;Autre membre;26/03/2026
84;Auvergne-Rhône-Alpes;69;Rhône;69M;Métropole De Lyon;;;69011;Portes Du Sud;DALLERY;Alexandre;M;06/03/1983;21;Artisan;23/03/2026;Autre membre;26/03/2026
84;Auvergne-Rhône-Alpes;69;Rhône;69M;Métropole De Lyon;;;69011;Portes Du Sud;DUREAU;Pascal;M;28/04/1960;31;Profession libérale;23/03/2026;Autre membre;26/03/2026
84;Auvergne-Rhône-Alpes;69;Rhône;69M;Métropole De Lyon;;;69011;Portes Du Sud;FRIER;Nathalie;F;01/08/1966;46;Profession intermédiaire administrative et commerciale des entreprises;23/03/2026;Vice-président de l'assemblée;26/03/2026
84;Auvergne-Rhône-Alpes;69;Rhône;69M;Métropole De Lyon;;;69011;Portes Du Sud;IBRAHIMI;Sonia;F;18/04/1978;46;Profession intermédiaire administrative et commerciale des entreprises;23/03/2026;Autre membre;26/03/2026
84;Auvergne-Rhône-Alpes;69;Rhône;69M;Métropole De Lyon;;;69011;Portes Du Sud;JELLAD;Estelle;F;24/08/1993;84;Elève, étudiant;23/03/2026;Autre membre;26/03/2026
84;Auvergne-Rhône-Alpes;69;Rhône;69M;Métropole De Lyon;;;69011;Portes Du Sud;LE VELLY;Ariane;F;30/05/1952;77;Ancien employé;23/03/2026;Autre membre;26/03/2026
84;Auvergne-Rhône-Alpes;69;Rhône;69M;Métropole De Lyon;;;69011;Portes Du Sud;MORINON;Lilian;M;03/08/1973;38;Ingénieur et cadre technique d'entreprise;23/03/2026;Autre membre;26/03/2026
84;Auvergne-Rhône-Alpes;69;Rhône;69M;Métropole De Lyon;;;69011;Portes Du Sud;PICARD;Michèle;F;19/01/1967;54;Employé administratif d'entreprise;23/03/2026;Autre membre;26/03/2026
84;Auvergne-Rhône-Alpes;69;Rhône;69M;Métropole De Lyon;;;69012;Rhône Amont;ALLOIN;Jean-Emmanuel;M;01/11/1984;23;Chef d'entreprise de 10 salariés ou plus;23/03/2026;Autre membre;26/03/2026
84;Auvergne-Rhône-Alpes;69;Rhône;69M;Métropole De Lyon;;;69012;Rhône Amont;BERTIN;Christine;F;26/06/1971;37;Cadre administratif et commercial d'entreprise;23/03/2026;Autre membre;26/03/2026
84;Auvergne-Rhône-Alpes;69;Rhône;69M;Métropole De Lyon;;;69012;Rhône Amont;BOUZON;Tim;M;06/11/2000;37;Cadre administratif et commercial d'entreprise;23/03/2026;Autre membre;26/03/2026
84;Auvergne-Rhône-Alpes;69;Rhône;69M;Métropole De Lyon;;;69012;Rhône Amont;CHERVIER;Laurent;M;11/09/1966;37;Cadre administratif et commercial d'entreprise;23/03/2026;Autre membre;26/03/2026
84;Auvergne-Rhône-Alpes;69;Rhône;69M;Métropole De Lyon;;;69012;Rhône Amont;CLARINI;Lionel;M;23/06/1974;38;Ingénieur et cadre technique d'entreprise;23/03/2026;Autre membre;26/03/2026
84;Auvergne-Rhône-Alpes;69;Rhône;69M;Métropole De Lyon;;;69012;Rhône Amont;DIDAOUI;Fatiha;F;31/10/1974;34;Professeur, profession scientifique;23/03/2026;Autre membre;26/03/2026
84;Auvergne-Rhône-Alpes;69;Rhône;69M;Métropole De Lyon;;;69012;Rhône Amont;FAUTRA;Laurence;F;20/11/1965;86;Personne diverse sans activité professionnelle de 60 ans et plus (sauf retraité);23/03/2026;Vice-président de l'assemblée;26/03/2026
84;Auvergne-Rhône-Alpes;69;Rhône;69M;Métropole De Lyon;;;69012;Rhône Amont;GARBRECHT;Odette;F;21/10/1956;34;Professeur, profession scientifique;23/03/2026;Autre membre;26/03/2026
84;Auvergne-Rhône-Alpes;69;Rhône;69M;Métropole De Lyon;;;69012;Rhône Amont;GEOFFROY;Hélène;F;04/03/1970;34;Professeur, profession scientifique;23/03/2026;Autre membre;26/03/2026
84;Auvergne-Rhône-Alpes;69;Rhône;69M;Métropole De Lyon;;;69012;Rhône Amont;QUINIOU;Christophe;M;13/05/1972;38;Ingénieur et cadre technique d'entreprise;23/03/2026;Autre membre;26/03/2026
84;Auvergne-Rhône-Alpes;69;Rhône;69M;Métropole De Lyon;;;69012;Rhône Amont;VIEIRA;Matthieu;M;06/05/1997;34;Professeur, profession scientifique;23/03/2026;Autre membre;26/03/2026
84;Auvergne-Rhône-Alpes;69;Rhône;69M;Métropole De Lyon;;;69012;Rhône Amont;ZARTARIAN;Dany-Claude;F;09/08/1984;45;Profession intermédiaire administrative de la fonction publique;23/03/2026;Autre membre;26/03/2026
84;Auvergne-Rhône-Alpes;69;Rhône;69M;Métropole De Lyon;;;69013;Val De Saône;BAILLOT;Arlette;F;15/11/1959;31;Profession libérale;16/03/2026;Autre membre;26/03/2026
84;Auvergne-Rhône-Alpes;69;Rhône;69M;Métropole De Lyon;;;69013;Val De Saône;BROCARD-MARTIN;Blandine;F;03/11/1981;33;Cadre de la fonction publique;16/03/2026;Autre membre;26/03/2026
84;Auvergne-Rhône-Alpes;69;Rhône;69M;Métropole De Lyon;;;69013;Val De Saône;CAMUS;Jérémy;M;10/05/1977;37;Cadre administratif et commercial d'entreprise;16/03/2026;Autre membre;26/03/2026
84;Auvergne-Rhône-Alpes;69;Rhône;69M;Métropole De Lyon;;;69013;Val De Saône;CHIPIER;Yves;M;02/10/1973;37;Cadre administratif et commercial d'entreprise;16/03/2026;Autre membre;26/03/2026
84;Auvergne-Rhône-Alpes;69;Rhône;69M;Métropole De Lyon;;;69013;Val De Saône;D'AMATO;Thierry;M;26/07/1959;34;Professeur, profession scientifique;16/03/2026;Autre membre;26/03/2026
84;Auvergne-Rhône-Alpes;69;Rhône;69M;Métropole De Lyon;;;69013;Val De Saône;ENDERLIN;Angélique;F;09/01/1968;54;Employé administratif d'entreprise;16/03/2026;Vice-président de l'assemblée;26/03/2026
84;Auvergne-Rhône-Alpes;69;Rhône;69M;Métropole De Lyon;;;69013;Val De Saône;GRANGE;Charlotte;F;28/01/1982;54;Employé administratif d'entreprise;16/03/2026;Autre membre;26/03/2026
84;Auvergne-Rhône-Alpes;69;Rhône;69M;Métropole De Lyon;;;69013;Val De Saône;GUILLOT;Patrick Jean;M;14/02/1957;74;Ancien cadre;16/03/2026;Autre membre;26/03/2026
84;Auvergne-Rhône-Alpes;69;Rhône;69M;Métropole De Lyon;;;69013;Val De Saône;JAL;Jean-Philippe;M;21/11/1988;37;Cadre administratif et commercial d'entreprise;16/03/2026;Autre membre;26/03/2026
84;Auvergne-Rhône-Alpes;69;Rhône;69M;Métropole De Lyon;;;69013;Val De Saône;MATHIEU;Marie-Hélène;F;03/06/1961;85;Personne diverse sans activité professionnelle de moins de 60 ans (sauf retraité);16/03/2026;Vice-président de l'assemblée;26/03/2026
84;Auvergne-Rhône-Alpes;69;Rhône;69M;Métropole De Lyon;;;69013;Val De Saône;MICHEL;Sébastien;M;20/03/1979;37;Cadre administratif et commercial d'entreprise;16/03/2026;Autre membre;26/03/2026
84;Auvergne-Rhône-Alpes;69;Rhône;69M;Métropole De Lyon;;;69013;Val De Saône;POULAIN;Virginie;F;02/04/1968;37;Cadre administratif et commercial d'entreprise;16/03/2026;Autre membre;26/03/2026
84;Auvergne-Rhône-Alpes;69;Rhône;69M;Métropole De Lyon;;;69013;Val De Saône;VINCENT;Max;M;04/07/1950;77;Ancien employé;16/03/2026;Autre membre;26/03/2026
84;Auvergne-Rhône-Alpes;69;Rhône;69M;Métropole De Lyon;;;69013;Val De Saône;VUITTON;Jacques;M;20/01/1961;74;Ancien cadre;16/03/2026;Autre membre;26/03/2026
84;Auvergne-Rhône-Alpes;69;Rhône;69M;Métropole De Lyon;;;69014;Villeurbanne;AMARD;Gabriel;M;05/05/1967;37;Cadre administratif et commercial d'entreprise;23/03/2026;Autre membre;26/03/2026
84;Auvergne-Rhône-Alpes;69;Rhône;69M;Métropole De Lyon;;;69014;Villeurbanne;ARTHAUD;Léna;F;08/03/1991;42;Professeur des écoles, instituteur et assimilé;23/03/2026;Autre membre;26/03/2026
84;Auvergne-Rhône-Alpes;69;Rhône;69M;Métropole De Lyon;;;69014;Villeurbanne;BERNARD;Bruno;M;31/12/1970;23;Chef d'entreprise de 10 salariés ou plus;23/03/2026;Autre membre;26/03/2026
84;Auvergne-Rhône-Alpes;69;Rhône;69M;Métropole De Lyon;;;69014;Villeurbanne;BLES-GAGNAIRE;Sylvie;F;21/04/1960;37;Cadre administratif et commercial d'entreprise;23/03/2026;Autre membre;26/03/2026
84;Auvergne-Rhône-Alpes;69;Rhône;69M;Métropole De Lyon;;;69014;Villeurbanne;BOCQUET;Jonathan;M;05/02/1986;34;Professeur, profession scientifique;23/03/2026;Autre membre;26/03/2026
84;Auvergne-Rhône-Alpes;69;Rhône;69M;Métropole De Lyon;;;69014;Villeurbanne;BRUNEL;Vinciane;F;21/08/1978;37;Cadre administratif et commercial d'entreprise;23/03/2026;Autre membre;26/03/2026
84;Auvergne-Rhône-Alpes;69;Rhône;69M;Métropole De Lyon;;;69014;Villeurbanne;BURNIER;Jean-Paul;M;25/05/1948;31;Profession libérale;23/03/2026;Autre membre;26/03/2026
84;Auvergne-Rhône-Alpes;69;Rhône;69M;Métropole De Lyon;;;69014;Villeurbanne;DEVINAZ;Gilbert-Luc;M;19/07/1953;74;Ancien cadre;23/03/2026;Autre membre;26/03/2026
84;Auvergne-Rhône-Alpes;69;Rhône;69M;Métropole De Lyon;;;69014;Villeurbanne;GENDRIN;Solal;M;31/05/1997;38;Ingénieur et cadre technique d'entreprise;23/03/2026;Autre membre;26/03/2026
84;Auvergne-Rhône-Alpes;69;Rhône;69M;Métropole De Lyon;;;69014;Villeurbanne;HADJ-MIMOUNE;Melouka;F;27/04/1960;43;Profession intermédiaire de la santé et du travail social;23/03/2026;Autre membre;26/03/2026
84;Auvergne-Rhône-Alpes;69;Rhône;69M;Métropole De Lyon;;;69014;Villeurbanne;KHELIFI;Zemorda;F;01/10/1974;34;Professeur, profession scientifique;23/03/2026;Autre membre;26/03/2026
84;Auvergne-Rhône-Alpes;69;Rhône;69M;Métropole De Lyon;;;69014;Villeurbanne;PEREZ;Eric;M;16/12/1980;33;Cadre de la fonction publique;23/03/2026;Autre membre;26/03/2026
84;Auvergne-Rhône-Alpes;69;Rhône;69M;Métropole De Lyon;;;69014;Villeurbanne;THOUVENOT;Agnès;F;04/08/1978;34;Professeur, profession scientifique;23/03/2026;Autre membre;26/03/2026
84;Auvergne-Rhône-Alpes;69;Rhône;69M;Métropole De Lyon;;;69014;Villeurbanne;VAN STYVENDAEL;Cédric;M;15/10/1973;74;Ancien cadre;23/03/2026;Autre membre;26/03/2026
84;Auvergne-Rhône-Alpes;69;Rhône;69M;Métropole De Lyon;;;69014;Villeurbanne;VESSILLER;Béatrice;F;08/12/1962;33;Cadre de la fonction publique;23/03/2026;Autre membre;26/03/2026
84;Auvergne-Rhône-Alpes;69;Rhône;69M;Métropole De Lyon;;;69014;Villeurbanne;VINCE;Jacques;M;05/04/1970;34;Professeur, profession scientifique;23/03/2026;Autre membre;26/03/2026
84;Auvergne-Rhône-Alpes;69;Rhône;69M;Métropole De Lyon;;;69014;Villeurbanne;VULLIERME;Didier;M;22/09/1972;33;Cadre de la fonction publique;23/03/2026;Autre membre;26/03/2026
;;972;Martinique;972;Martinique;02ZB1;Martinique-Section Du Centre;;;CARIUS;Francine;F;05/03/1955;74;Ancien cadre;02/07/2021;;
;;972;Martinique;972;Martinique;02ZB1;Martinique-Section Du Centre;;;ETIENNE NOTTE;Yannick;F;24/05/1970;52;Employé civil et agent de service de la fonction publique;02/07/2021;;
;;972;Martinique;972;Martinique;02ZB1;Martinique-Section Du Centre;;;LEOTIN;Marie-Hélène;F;27/06/1952;74;Ancien cadre;15/06/2023;;
;;972;Martinique;972;Martinique;02ZB1;Martinique-Section Du Centre;;;MANIN;Josette;F;16/03/1950;75;Ancienne profession intermédiaire;02/07/2021;;
;;972;Martinique;972;Martinique;02ZB1;Martinique-Section Du Centre;;;MARIE-REINE;Olivier;M;15/06/1968;21;Artisan;02/07/2021;;
;;972;Martinique;972;Martinique;02ZB1;Martinique-Section Du Centre;;;MARIE-SAINTE;Daniel;M;14/12/1944;74;Ancien cadre;02/07/2021;Vice-président de l'assemblée;02/07/2021
;;972;Martinique;972;Martinique;02ZB1;Martinique-Section Du Centre;;;MERINE;Félix;M;27/08/1962;23;Chef d'entreprise de 10 salariés ou plus;07/02/2021;Membre de l'organe exécutif;07/02/2021
;;972;Martinique;972;Martinique;02ZB1;Martinique-Section Du Centre;;;ROSE;Johnny;M;01/03/1956;23;Chef d'entreprise de 10 salariés ou plus;02/07/2021;;
;;972;Martinique;972;Martinique;02ZB1;Martinique-Section Du Centre;;;TAUREL;Monette;F;01/01/1966;11;Agriculteur sur petite exploitation;02/07/2021;;
;;972;Martinique;972;Martinique;02ZB1;Martinique-Section Du Centre;;;TAVERNIER;Samuel;M;06/01/1958;74;Ancien cadre;02/07/2021;;
;;972;Martinique;972;Martinique;02ZB1;Martinique-Section Du Centre;;;TELLE;Patricia;F;12/12/1959;43;Profession intermédiaire de la santé et du travail social;02/07/2021;Vice-président de l'assemblée;02/07/2021
;;972;Martinique;972;Martinique;02ZB1;Martinique-Section Du Centre;;;TINOT;Marie-Frantz;F;07/05/1959;37;Cadre administratif et commercial d'entreprise;02/07/2021;;
;;972;Martinique;972;Martinique;02ZB2;Martinique-Section Du Nord;;;AZEROT;Bruno Nestor;M;22/07/1961;22;Commerçant et assimilé;02/07/2021;;
;;972;Martinique;972;Martinique;02ZB2;Martinique-Section Du Nord;;;BEAULIEU;Lydia;F;22/06/1974;38;Ingénieur et cadre technique d'entreprise;02/07/2021;;
;;972;Martinique;972;Martinique;02ZB2;Martinique-Section Du Nord;;;BERNABE;Kora;F;04/06/1989;38;Ingénieur et cadre technique d'entreprise;02/07/2021;;
;;972;Martinique;972;Martinique;02ZB2;Martinique-Section Du Nord;;;BOUTRIN;Louis;M;26/09/1958;31;Profession libérale;02/07/2021;;
;;972;Martinique;972;Martinique;02ZB2;Martinique-Section Du Nord;;;DUFEAL;Eric;M;23/10/1965;33;Cadre de la fonction publique;02/07/2021;;
;;972;Martinique;972;Martinique;02ZB2;Martinique-Section Du Nord;;;DULYS-PETIT;Jenny;F;15/01/1953;74;Ancien cadre;02/07/2021;;
;;972;Martinique;972;Martinique;02ZB2;Martinique-Section Du Nord;;;ECANVIL;Jean-Claude;M;06/10/1952;74;Ancien cadre;02/07/2021;;
;;972;Martinique;972;Martinique;02ZB2;Martinique-Section Du Nord;;;ISMAIN;Felix;M;20/02/1952;74;Ancien cadre;02/07/2021;;
;;972;Martinique;972;Martinique;02ZB2;Martinique-Section Du Nord;;;LARGEN-MARINE;Yolène;F;30/09/1958;31;Profession libérale;02/07/2021;;
;;972;Martinique;972;Martinique;02ZB2;Martinique-Section Du Nord;;;LIMIER;Nadia Emilienne;F;29/05/1970;85;Personne diverse sans activité professionnelle de moins de 60 ans (sauf retraité);02/07/2021;;
;;972;Martinique;972;Martinique;02ZB2;Martinique-Section Du Nord;;;LISLET;Claude;M;16/08/1963;23;Chef d'entreprise de 10 salariés ou plus;02/07/2021;;
;;972;Martinique;972;Martinique;02ZB2;Martinique-Section Du Nord;;;NADEAU;Marcellin;M;02/11/1962;33;Cadre de la fonction publique;02/07/2021;;
;;972;Martinique;972;Martinique;02ZB2;Martinique-Section Du Nord;;;PAMPHILE;Justin;M;06/05/1969;33;Cadre de la fonction publique;02/07/2021;;
;;972;Martinique;972;Martinique;02ZB2;Martinique-Section Du Nord;;;SALIBER;Lucien;M;24/10/1951;74;Ancien cadre;02/07/2021;Président de l'assemblée;02/07/2021
;;972;Martinique;972;Martinique;02ZB3;Martinique-Section De Fort-De-France;;;CAROLE;Francis;M;19/10/1958;74;Ancien cadre;02/07/2021;;
;;972;Martinique;972;Martinique;02ZB3;Martinique-Section De Fort-De-France;;;CASANOVA;Sandra;F;29/03/1975;23;Chef d'entreprise de 10 salariés ou plus;02/07/2021;;
;;972;Martinique;972;Martinique;02ZB3;Martinique-Section De Fort-De-France;;;CHAMMAS;Charles;M;30/06/1965;34;Professeur, profession scientifique;02/07/2021;;
;;972;Martinique;972;Martinique;02ZB3;Martinique-Section De Fort-De-France;;;CONCONNE;Catherine;F;18/05/1963;85;Personne diverse sans activité professionnelle de moins de 60 ans (sauf retraité);02/07/2021;;
;;972;Martinique;972;Martinique;02ZB3;Martinique-Section De Fort-De-France;;;DUVERGER;Jean-Claude;M;14/06/1948;74;Ancien cadre;02/07/2021;Vice-président de l'assemblée;02/07/2021
;;972;Martinique;972;Martinique;02ZB3;Martinique-Section De Fort-De-France;;;EMMANUEL;Christiane;F;30/09/1962;45;Profession intermédiaire administrative de la fonction publique;02/07/2021;;
;;972;Martinique;972;Martinique;02ZB3;Martinique-Section De Fort-De-France;;;LAGUERRE;Didier;M;10/01/1966;34;Professeur, profession scientifique;02/07/2021;;
;;972;Martinique;972;Martinique;02ZB3;Martinique-Section De Fort-De-France;;;LETCHIMY;Serge;M;13/01/1953;74;Ancien cadre;02/07/2021;Président de l'organe exécutif;02/07/2021
;;972;Martinique;972;Martinique;02ZB3;Martinique-Section De Fort-De-France;;;MONROSE;Michelle;F;07/11/1984;34;Professeur, profession scientifique;02/07/2021;;
;;972;Martinique;972;Martinique;02ZB3;Martinique-Section De Fort-De-France;;;RAVIN;Marie-Ange;F;05/05/1951;21;Artisan;02/07/2021;;
;;972;Martinique;972;Martinique;02ZB3;Martinique-Section De Fort-De-France;;;VENTADOUR;Alexandre;M;13/04/1981;23;Chef d'entreprise de 10 salariés ou plus;02/07/2021;;
;;972;Martinique;972;Martinique;02ZB4;Martinique-Section Du Sud;;;ACCUS ADAINE;Nadia Karine;F;17/07/1975;42;Professeur des écoles, instituteur et assimilé;02/07/2021;;
;;972;Martinique;972;Martinique;02ZB4;Martinique-Section Du Sud;;;BEAUNOL;Jean François Emmanuel;M;30/12/1962;37;Cadre administratif et commercial d'entreprise;02/07/2021;;
;;972;Martinique;972;Martinique;02ZB4;Martinique-Section Du Sud;;;BELLAY-RAVION;Léa;F;01/08/1971;42;Professeur des écoles, instituteur et assimilé;04/04/2025;;
;;972;Martinique;972;Martinique;02ZB4;Martinique-Section Du Sud;;;CLEM-BERTHOLO;Manuella;F;06/12/1966;33;Cadre de la fonction publique;02/07/2021;;
;;972;Martinique;972;Martinique;02ZB4;Martinique-Section Du Sud;;;DINAL;David;M;10/08/1952;31;Profession libérale;02/07/2021;Vice-président de l'assemblée;02/06/2025
;;972;Martinique;972;Martinique;02ZB4;Martinique-Section Du Sud;;;DUNON;Rosalie;F;08/09/1951;77;Ancien employé;02/07/2021;;
;;972;Martinique;972;Martinique;02ZB4;Martinique-Section Du Sud;;;LARCHER;Eugène;M;03/02/1947;74;Ancien cadre;02/07/2021;;
;;972;Martinique;972;Martinique;02ZB4;Martinique-Section Du Sud;;;MIRANDE;José;M;31/08/1958;72;Ancien artisan, commerçant, chef d'entreprise;02/07/2021;;
;;972;Martinique;972;Martinique;02ZB4;Martinique-Section Du Sud;;;NARCISSOT;Marius;M;01/03/1964;37;Cadre administratif et commercial d'entreprise;02/07/2021;;
;;972;Martinique;972;Martinique;02ZB4;Martinique-Section Du Sud;;;NELLA;Aurelie;F;04/05/1985;33;Cadre de la fonction publique;02/07/2021;;
;;972;Martinique;972;Martinique;02ZB4;Martinique-Section Du Sud;;;NILOR;Jean-Philippe;M;15/05/1965;85;Personne diverse sans activité professionnelle de moins de 60 ans (sauf retraité);02/07/2021;;
;;972;Martinique;972;Martinique;02ZB4;Martinique-Section Du Sud;;;NORCA;Stéphanie;F;11/01/1983;43;Profession intermédiaire de la santé et du travail social;02/07/2021;;
;;972;Martinique;972;Martinique;02ZB4;Martinique-Section Du Sud;;;PANZO;Jocelyne;F;30/01/1956;77;Ancien employé;02/07/2021;;
;;972;Martinique;972;Martinique;02ZB4;Martinique-Section Du Sud;;;TIRAULT;Fred Michel;M;07/07/1973;31;Profession libérale;02/07/2021;;
;;972;Martinique;972;Martinique;02ZB4;Martinique-Section Du Sud;;;VALENTIN;Sandra;F;02/12/1970;33;Cadre de la fonction publique;02/07/2021;;
;;973;Guyane;973;Guyane;03ZC1;Guyane-Section De Cayenne;;;ALEXANDRE;Rodolphe;M;25/09/1953;86;Personne diverse sans activité professionnelle de 60 ans et plus (sauf retraité);02/07/2021;;
;;973;Guyane;973;Guyane;03ZC1;Guyane-Section De Cayenne;;;BARBE;Christiane;F;01/07/1968;22;Commerçant et assimilé;02/07/2021;;
;;973;Guyane;973;Guyane;03ZC1;Guyane-Section De Cayenne;;;BRIQUET;Muriel;F;06/12/1973;37;Cadre administratif et commercial d'entreprise;02/07/2021;;
;;973;Guyane;973;Guyane;03ZC1;Guyane-Section De Cayenne;;;LE WEST;Jean-Luc;M;21/08/1965;23;Chef d'entreprise de 10 salariés ou plus;02/07/2021;Vice-président de l'assemblée;02/07/2021
;;973;Guyane;973;Guyane;03ZC1;Guyane-Section De Cayenne;;;LEONCE;Chester;M;17/08/1979;34;Professeur, profession scientifique;02/07/2021;Vice-président de l'assemblée;02/07/2021
;;973;Guyane;973;Guyane;03ZC1;Guyane-Section De Cayenne;;;LONG-HIM-NAM;Serge;M;26/07/1952;74;Ancien cadre;02/07/2021;;
;;973;Guyane;973;Guyane;03ZC1;Guyane-Section De Cayenne;;;MARIE;Audrey;F;08/07/1974;42;Professeur des écoles, instituteur et assimilé;02/07/2021;;
;;973;Guyane;973;Guyane;03ZC1;Guyane-Section De Cayenne;;;SAINT-ORICE;Zadkiel;M;15/12/1983;22;Commerçant et assimilé;02/07/2021;;
;;973;Guyane;973;Guyane;03ZC2;Guyane-Section De La Petite Couronne;;;ALCIN;Sherly;F;03/04/1976;23;Chef d'entreprise de 10 salariés ou plus;02/07/2021;;
;;973;Guyane;973;Guyane;03ZC2;Guyane-Section De La Petite Couronne;;;ALEXANDER;Lucien;M;22/10/1955;74;Ancien cadre;02/07/2021;;
;;973;Guyane;973;Guyane;03ZC2;Guyane-Section De La Petite Couronne;;;BOUBA;Philippe;M;10/05/1980;34;Professeur, profession scientifique;02/07/2021;Vice-président de l'assemblée;02/07/2021
;;973;Guyane;973;Guyane;03ZC2;Guyane-Section De La Petite Couronne;;;BÉLIZAIRE;Julnor;M;28/02/1979;42;Professeur des écoles, instituteur et assimilé;02/07/2021;;
;;973;Guyane;973;Guyane;03ZC2;Guyane-Section De La Petite Couronne;;;CHAMBAUD;Aïssatou;F;03/12/1977;31;Profession libérale;02/07/2021;Vice-président de l'assemblée;02/07/2021
;;973;Guyane;973;Guyane;03ZC2;Guyane-Section De La Petite Couronne;;;MACHICHI PROST;Violaine;F;05/06/1985;45;Profession intermédiaire administrative de la fonction publique;02/07/2021;;
;;973;Guyane;973;Guyane;03ZC2;Guyane-Section De La Petite Couronne;;;PATIENT;Isabelle;F;19/07/1979;33;Cadre de la fonction publique;02/07/2021;;
;;973;Guyane;973;Guyane;03ZC2;Guyane-Section De La Petite Couronne;;;PLENET;Claude;M;24/05/1965;31;Profession libérale;02/07/2021;;
;;973;Guyane;973;Guyane;03ZC2;Guyane-Section De La Petite Couronne;;;RATTIER;Marie Lucienne;F;11/01/1971;37;Cadre administratif et commercial d'entreprise;02/07/2021;;
;;973;Guyane;973;Guyane;03ZC3;Guyane-Section De La Grande Couronne;;;LABRADOR;Jean-Claude;M;12/08/1951;75;Ancienne profession intermédiaire;02/07/2021;;
;;973;Guyane;973;Guyane;03ZC3;Guyane-Section De La Grande Couronne;;;NOKO;Christian;M;06/03/1957;55;Employé de commerce;02/07/2021;;
;;973;Guyane;973;Guyane;03ZC3;Guyane-Section De La Grande Couronne;;;PRINCE;Emmanuel;M;20/03/1980;34;Professeur, profession scientifique;02/07/2021;Vice-président de l'assemblée;02/07/2021
;;973;Guyane;973;Guyane;03ZC4;Guyane-Section De L'Oyapock;;;DÉSERT;Pierre;M;19/06/1944;71;Ancien agriculteur exploitant;02/07/2021;;
;;973;Guyane;973;Guyane;03ZC4;Guyane-Section De L'Oyapock;;;GEORGES-MATHURIN;Léda;F;06/02/1984;55;Employé de commerce;02/07/2021;;
;;973;Guyane;973;Guyane;03ZC4;Guyane-Section De L'Oyapock;;;MONERVILLE;René;M;12/02/1974;21;Artisan;02/07/2021;;
;;973;Guyane;973;Guyane;03ZC5;Guyane-Section Des Savanes;;;COSSET;Patrick;M;11/11/1959;34;Professeur, profession scientifique;02/07/2021;;
;;973;Guyane;973;Guyane;03ZC5;Guyane-Section Des Savanes;;;RINGUET;François;M;24/08/1976;45;Profession intermédiaire administrative de la fonction publique;02/07/2021;;
;;973;Guyane;973;Guyane;03ZC5;Guyane-Section Des Savanes;;;ROBINSON CHOCHO;Annie;F;06/12/1956;33;Cadre de la fonction publique;02/07/2021;Vice-président de l'assemblée;02/07/2021
;;973;Guyane;973;Guyane;03ZC5;Guyane-Section Des Savanes;;;SOESANNA;Magda;F;28/08/1989;52;Employé civil et agent de service de la fonction publique;02/07/2021;;
;;973;Guyane;973;Guyane;03ZC5;Guyane-Section Des Savanes;;;VERNET;Isabelle;F;23/01/1967;42;Professeur des écoles, instituteur et assimilé;02/07/2021;;
;;973;Guyane;973;Guyane;03ZC5;Guyane-Section Des Savanes;;;WILLIAM;Enrico;M;17/09/1976;23;Chef d'entreprise de 10 salariés ou plus;02/07/2021;;
;;973;Guyane;973;Guyane;03ZC6;Guyane-Section Du Haut-Maroni;;;BAGADI;François;M;30/10/1977;52;Employé civil et agent de service de la fonction publique;02/07/2021;;
;;973;Guyane;973;Guyane;03ZC6;Guyane-Section Du Haut-Maroni;;;DADA;Félix;M;24/03/1977;52;Employé civil et agent de service de la fonction publique;02/07/2021;;
;;973;Guyane;973;Guyane;03ZC6;Guyane-Section Du Haut-Maroni;;;DANIEL;Juliette;F;09/01/1964;42;Professeur des écoles, instituteur et assimilé;02/07/2021;;
;;973;Guyane;973;Guyane;03ZC6;Guyane-Section Du Haut-Maroni;;;DEYE;Raymond;M;07/02/1979;52;Employé civil et agent de service de la fonction publique;02/07/2021;Vice-président de l'assemblée;02/07/2021
;;973;Guyane;973;Guyane;03ZC6;Guyane-Section Du Haut-Maroni;;;GALIMOT;Denis;M;19/07/1972;22;Commerçant et assimilé;02/07/2021;;
;;973;Guyane;973;Guyane;03ZC6;Guyane-Section Du Haut-Maroni;;;TANI;Mirta;F;05/06/1984;77;Ancien employé;02/07/2021;;
;;973;Guyane;973;Guyane;03ZC6;Guyane-Section Du Haut-Maroni;;;TELON;Sergina;F;23/03/1990;42;Professeur des écoles, instituteur et assimilé;02/07/2021;;
;;973;Guyane;973;Guyane;03ZC7;Guyane-Section De Saint-Laurent-Du-Maroni;;;FEREIRA;Jean-Paul;M;10/04/1971;54;Employé administratif d'entreprise;02/07/2021;Vice-président de l'assemblée;02/07/2021
;;973;Guyane;973;Guyane;03ZC7;Guyane-Section De Saint-Laurent-Du-Maroni;;;KEZZA;Crépin;M;28/09/1970;33;Cadre de la fonction publique;02/07/2021;;
;;973;Guyane;973;Guyane;03ZC7;Guyane-Section De Saint-Laurent-Du-Maroni;;;LE GALL;Gilles;M;05/06/1969;34;Professeur, profession scientifique;02/07/2021;;
;;973;Guyane;973;Guyane;03ZC7;Guyane-Section De Saint-Laurent-Du-Maroni;;;LÉO;Catherine;F;14/07/1961;33;Cadre de la fonction publique;02/07/2021;;
;;973;Guyane;973;Guyane;03ZC7;Guyane-Section De Saint-Laurent-Du-Maroni;;;PERLET;Keena;F;30/05/1978;42;Professeur des écoles, instituteur et assimilé;02/07/2021;;
;;973;Guyane;973;Guyane;03ZC7;Guyane-Section De Saint-Laurent-Du-Maroni;;;WAARHEID;Benfelino;M;08/01/1989;42;Professeur des écoles, instituteur et assimilé;02/07/2021;;
;;973;Guyane;973;Guyane;03ZC8;Guyane-Section De Basse-Mana;;;BENTH;Albéric;M;16/12/1965;13;Agriculteur sur grande exploitation;02/07/2021;;
;;973;Guyane;973;Guyane;03ZC8;Guyane-Section De Basse-Mana;;;STEENWINKEL;Tiarrah;F;03/03/1992;43;Profession intermédiaire de la santé et du travail social;02/07/2021;Vice-président de l'assemblée;02/07/2021
;;973;Guyane;973;Guyane;03ZC8;Guyane-Section De Basse-Mana;;;THERESE;Jocelyn;M;06/04/1964;52;Employé civil et agent de service de la fonction publique;02/07/2021;;
;;;;94;Corse;;;;;ACQUAVIVA;Jean-Félix;M;19/03/1973;74;Ancien cadre;02/07/2021;;
;;;;94;Corse;;;;;ANGELINI;Jean-Christophe;M;27/11/1975;23;Chef d'entreprise de 10 salariés ou plus;02/07/2021;;
;;;;94;Corse;;;;;ANTONINI;Danielle;F;05/09/1957;31;Profession libérale;02/07/2021;;
;;;;94;Corse;;;;;ARENA;Jean-Baptiste;M;01/07/1980;12;Agriculteur sur moyenne exploitation;02/07/2021;;
;;;;94;Corse;;;;;ARRIGHI;Véronique;F;23/01/1974;43;Profession intermédiaire de la santé et du travail social;02/07/2021;;
;;;;94;Corse;;;;;BATTESTINI;Serena;F;20/08/1977;22;Commerçant et assimilé;02/07/2021;;
;;;;94;Corse;;;;;BENEDETTI;Paul-Félix;M;28/07/1966;38;Ingénieur et cadre technique d'entreprise;02/07/2021;;
;;;;94;Corse;;;;;BIANCUCCI;Jean;M;08/05/1948;21;Artisan;02/07/2021;;
;;;;94;Corse;;;;;BICCHIERAY;Didier;M;06/07/1968;22;Commerçant et assimilé;02/07/2021;;
;;;;94;Corse;;;;;BORRI;Jean-Marc;M;10/09/1968;31;Profession libérale;02/07/2021;;
;;;;94;Corse;;;;;BORROMEI;Vanina;F;10/08/1978;22;Commerçant et assimilé;02/07/2021;;
;;;;94;Corse;;;;;BOZZI;Valérie;F;18/03/1982;31;Profession libérale;02/07/2021;;
;;;;94;Corse;;;;;BRANCA;Marie-Claude;F;16/11/1961;34;Professeur, profession scientifique;02/07/2021;;
;;;;94;Corse;;;;;CAITUCOLI;Paul-Joseph;M;23/04/1969;33;Cadre de la fonction publique;02/07/2021;;
;;;;94;Corse;;;;;CAMPANA;Françoise;F;23/01/1970;42;Professeur des écoles, instituteur et assimilé;02/07/2021;;
;;;;94;Corse;;;;;CASANOVA-SERVAS;Marie-Hélène;F;04/01/1969;31;Profession libérale;02/07/2021;;
;;;;94;Corse;;;;;CHIARELLI LUZI;Vannina;F;28/09/1971;37;Cadre administratif et commercial d'entreprise;02/07/2021;;
;;;;94;Corse;;;;;COGNETTI TURCHINI;Catherine;F;20/05/1964;56;Personnel des services directs aux particuliers;02/07/2021;;
;;;;94;Corse;;;;;COLOMBANI;Anne-Marie;F;16/09/1947;74;Ancien cadre;02/07/2021;;
;;;;94;Corse;;;;;COLONNA;Romain;M;21/02/1982;34;Professeur, profession scientifique;02/07/2021;;
;;;;94;Corse;;;;;COMBETTE;Christelle;F;16/03/1972;23;Chef d'entreprise de 10 salariés ou plus;02/07/2021;;
;;;;94;Corse;;;;;DUVAL;Santa;F;08/01/1967;22;Commerçant et assimilé;02/07/2021;;
;;;;94;Corse;;;;;FAGNI;Muriel;F;12/09/1958;37;Cadre administratif et commercial d'entreprise;02/07/2021;;
;;;;94;Corse;;;;;FILIPPI;Petru Antone;M;24/07/1991;34;Professeur, profession scientifique;02/07/2021;;
;;;;94;Corse;;;;;FRANCISCI;Lisa Annie;F;04/10/1994;84;Elève, étudiant;02/07/2021;;
;;;;94;Corse;;;;;GALLONI D'ISTRIA;Evelyne;F;20/04/1958;33;Cadre de la fonction publique;02/07/2021;;
;;;;94;Corse;;;;;GHIONGA;Pierre;M;05/09/1957;31;Profession libérale;02/07/2021;;
;;;;94;Corse;;;;;GIABICONI;Jean-Charles;M;29/05/1973;23;Chef d'entreprise de 10 salariés ou plus;02/07/2021;;
;;;;94;Corse;;;;;GIACOMETTI-PINEDDA;Josepha;F;05/08/1983;85;Personne diverse sans activité professionnelle de moins de 60 ans (sauf retraité);02/07/2021;;
;;;;94;Corse;;;;;GUIDONI;Pierre;M;01/01/1959;86;Personne diverse sans activité professionnelle de 60 ans et plus (sauf retraité);02/07/2021;;
;;;;94;Corse;;;;;GUIDONI-DENSARI;Frédérique;F;07/05/1968;37;Cadre administratif et commercial d'entreprise;02/07/2021;;
;;;;94;Corse;;;;;LE BOMIN;Vanina;F;12/03/1966;85;Personne diverse sans activité professionnelle de moins de 60 ans (sauf retraité);02/07/2021;;
;;;;94;Corse;;;;;LE MAO;Ghjuvan'Santu;M;29/10/1981;31;Profession libérale;02/07/2021;;
;;;;94;Corse;;;;;LUCCHINI;Jean-Jacques;M;13/04/1964;11;Agriculteur sur petite exploitation;02/07/2021;;
;;;;94;Corse;;;;;LUCCIONI;Don Joseph;M;05/07/1999;84;Elève, étudiant;02/07/2021;;
;;;;94;Corse;;;;;LUCIANI;Xavier;M;24/03/1958;74;Ancien cadre;02/07/2021;;
;;;;94;Corse;;;;;MARCHETTI;Sandra;F;12/08/1992;42;Professeur des écoles, instituteur et assimilé;02/07/2021;;
;;;;94;Corse;;;;;MARIOTTI;Marie-Thérèse;F;17/09/1963;74;Ancien cadre;02/07/2021;;
;;;;94;Corse;;;;;MAUPERTUIS;Marie-Antoinette;F;10/04/1967;34;Professeur, profession scientifique;02/07/2021;Président de l'assemblée;02/07/2021
;;;;94;Corse;;;;;MELA;Georges;M;29/04/1960;74;Ancien cadre;02/07/2021;;
;;;;94;Corse;;;;;MONDOLONI;Jean-Martin;M;24/10/1968;34;Professeur, profession scientifique;02/07/2021;;
;;;;94;Corse;;;;;MOSCA;Paula;F;25/11/1976;34;Professeur, profession scientifique;02/07/2021;;
;;;;94;Corse;;;;;NIVAGGIONI;Nadine;F;13/02/1962;37;Cadre administratif et commercial d'entreprise;02/07/2021;Vice-président de l'assemblée;02/07/2021
;;;;94;Corse;;;;;PANZANI;Jean-Paul;M;11/04/1949;77;Ancien employé;02/07/2021;;
;;;;94;Corse;;;;;PEDINIELLI;Chantal;F;02/07/1964;43;Profession intermédiaire de la santé et du travail social;02/07/2021;;
;;;;94;Corse;;;;;PIERI;Marie-Anne;F;24/02/1959;31;Profession libérale;02/07/2021;;
;;;;94;Corse;;;;;PIETRI;Véronique;F;30/05/1969;42;Professeur des écoles, instituteur et assimilé;02/07/2021;;
;;;;94;Corse;;;;;POLI;Antoine;M;16/09/1968;47;Technicien;02/07/2021;;
;;;;94;Corse;;;;;POLI;Pierre;M;13/01/1958;75;Ancienne profession intermédiaire;02/07/2021;;
;;;;94;Corse;;;;;PONZEVERA;Juliette;F;17/03/1982;22;Commerçant et assimilé;02/07/2021;;
;;;;94;Corse;;;;;POZZO DI BORGO;Louis;M;24/04/1977;33;Cadre de la fonction publique;02/07/2021;;
;;;;94;Corse;;;;;QUASTANA;Paul;M;29/04/1951;74;Ancien cadre;02/07/2021;;
;;;;94;Corse;;;;;SANTUCCI;Anne-Laure;F;31/07/1965;42;Professeur des écoles, instituteur et assimilé;02/07/2021;;
;;;;94;Corse;;;;;SAVELLI;Jean-Michel;M;26/09/1960;31;Profession libérale;02/07/2021;;
;;;;94;Corse;;;;;SAVELLI;Joseph;M;27/03/1986;55;Employé de commerce;02/07/2021;;
;;;;94;Corse;;;;;SEATELLI;Jean-Louis;M;22/02/1947;31;Profession libérale;02/07/2021;;
;;;;94;Corse;;;;;SIMEONI;Gilles;M;20/04/1967;31;Profession libérale;02/07/2021;Président de l'organe exécutif;02/07/2021
;;;;94;Corse;;;;;SORBA;François;M;28/07/1972;23;Chef d'entreprise de 10 salariés ou plus;02/07/2021;;
;;;;94;Corse;;;;;TERRIGHI;Charlotte;F;09/11/1955;37;Cadre administratif et commercial d'entreprise;02/07/2021;;
;;;;94;Corse;;;;;TIBERI;Julia;F;09/10/1981;31;Profession libérale;02/07/2021;;
;;;;94;Corse;;;;;VALDRIGHI;Hervé;M;01/05/1974;22;Commerçant et assimilé;02/07/2021;;
;;;;94;Corse;;;;;VANNI;Hyacinthe;M;27/10/1968;47;Technicien;02/07/2021;Vice-président de l'assemblée;02/07/2021
;;;;973;Guyane;03ZC1;Guyane-Section De Cayenne;;;CHONG-SIT;Boris;M;11/04/1972;31;Profession libérale;02/07/2021;;
;;;;973;Guyane;03ZC1;Guyane-Section De Cayenne;;;DUCLONA;Bernadette;F;14/02/1983;42;Professeur des écoles, instituteur et assimilé;02/07/2021;Vice-président de l'assemblée;02/07/2021
;;;;973;Guyane;03ZC1;Guyane-Section De Cayenne;;;SAID;Patricia;F;04/10/1962;62;Ouvrier qualifié de type industriel;02/07/2021;Vice-président de l'assemblée;02/07/2021
;;;;973;Guyane;03ZC1;Guyane-Section De Cayenne;;;SERVILLE;Gabriel;M;27/09/1959;33;Cadre de la fonction publique;02/07/2021;Président de l'assemblée;02/07/2021
;;;;973;Guyane;03ZC2;Guyane-Section De La Petite Couronne;;;ARON;Roger;M;25/04/1954;74;Ancien cadre;02/07/2021;Vice-président de l'assemblée;02/07/2021
;;;;973;Guyane;03ZC2;Guyane-Section De La Petite Couronne;;;LECHAT-VEGA;Thibault;M;12/01/1988;33;Cadre de la fonction publique;02/07/2021;Vice-président de l'assemblée;02/07/2021
;;;;973;Guyane;03ZC3;Guyane-Section De La Grande Couronne;;;CRESSON-IBRIS;Karine;F;17/06/1974;52;Employé civil et agent de service de la fonction publique;02/07/2021;Vice-président de l'assemblée;02/07/2021
;;;;973;Guyane;03ZC7;Guyane-Section De Saint-Laurent-Du-Maroni;;;AMERICAIN;Jessi;M;08/04/1989;37;Cadre administratif et commercial d'entreprise;02/07/2021;;
;;;;973;Guyane;03ZC7;Guyane-Section De Saint-Laurent-Du-Maroni;;;CYRIAQUE;Samantha;F;09/03/1984;42;Professeur des écoles, instituteur et assimilé;02/07/2021;Vice-président de l'assemblée;02/07/2021
;;;;973;Guyane;03ZC7;Guyane-Section De Saint-Laurent-Du-Maroni;;;DESMANGLES;Nelly;F;14/12/1967;33;Cadre de la fonction publique;02/07/2021;;
;;;;975;Saint-Pierre-Et-Miquelon;;;;;ABRAHAM;Yannick;M;18/09/1959;21;Artisan;01/04/2022;Vice-président de l'organe éxécutif;01/04/2022
;;;;975;Saint-Pierre-Et-Miquelon;;;;;ARROSSAMENA;Gael;M;14/04/1984;43;Profession intermédiaire de la santé et du travail social;01/04/2022;;
;;;;975;Saint-Pierre-Et-Miquelon;;;;;CORMIER ANDRÉ;Jacqueline;F;19/07/1960;74;Ancien cadre;01/04/2022;Vice-président de l'organe éxécutif;01/04/2022
;;;;975;Saint-Pierre-Et-Miquelon;;;;;COSTE;Yannis;M;20/08/1970;22;Commerçant et assimilé;01/04/2022;Vice-président de l'organe éxécutif;01/04/2022
;;;;975;Saint-Pierre-Et-Miquelon;;;;;DAGORT;Allison;F;20/08/1992;43;Profession intermédiaire de la santé et du travail social;01/04/2022;;
;;;;975;Saint-Pierre-Et-Miquelon;;;;;DESDOUETS;Nolwen;F;19/08/1998;85;Personne diverse sans activité professionnelle de moins de 60 ans (sauf retraité);01/04/2022;;
;;;;975;Saint-Pierre-Et-Miquelon;;;;;DETCHEVERRY;Franck;M;02/07/1984;48;Contremaître, agent de maîtrise;01/04/2022;;
;;;;975;Saint-Pierre-Et-Miquelon;;;;;DETCHEVERRY;Michel;M;01/06/1959;77;Ancien employé;07/05/2018;;
;;;;975;Saint-Pierre-Et-Miquelon;;;;;DETCHEVERRY-BILY;Roselle;F;20/12/1957;77;Ancien employé;01/04/2022;;
;;;;975;Saint-Pierre-Et-Miquelon;;;;;GUIBERT;Corinne;F;15/07/1968;35;Profession de l'information, des arts et des spectacles;01/04/2022;;
;;;;975;Saint-Pierre-Et-Miquelon;;;;;HARAN;Naomi;F;13/03/1997;55;Employé de commerce;01/04/2022;Vice-président de l'organe éxécutif;01/04/2022
;;;;975;Saint-Pierre-Et-Miquelon;;;;;LE BARS;André;M;07/11/1955;77;Ancien employé;01/04/2022;;
;;;;975;Saint-Pierre-Et-Miquelon;;;;;ORSINY;Arnaud;M;05/02/1974;37;Cadre administratif et commercial d'entreprise;01/04/2022;Membre de l'organe exécutif;01/04/2022
;;;;975;Saint-Pierre-Et-Miquelon;;;;;POIRIER ARROSSAMENA;Nathalie;F;31/05/1977;33;Cadre de la fonction publique;01/04/2022;;
;;;;975;Saint-Pierre-Et-Miquelon;;;;;SALOMON;Annick;F;27/09/1966;37;Cadre administratif et commercial d'entreprise;01/04/2022;;
;;;;977;Saint-Barthélemy;;;;;AUBIN;Marie-Angèle;F;01/05/1964;37;Cadre administratif et commercial d'entreprise;27/03/2022;Vice-président de l'assemblée;27/03/2022
;;;;977;Saint-Barthélemy;;;;;BERNIER;Marie-Hélène;F;09/10/1974;22;Commerçant et assimilé;27/03/2022;Vice-président de l'assemblée;27/03/2022
;;;;977;Saint-Barthélemy;;;;;BLANCHARD;David;M;15/01/1977;47;Technicien;27/03/2022;;
;;;;977;Saint-Barthélemy;;;;;BOUREL;Diana;F;04/06/1960;31;Profession libérale;31/12/2025;Membre de l'organe exécutif;31/12/2025
;;;;977;Saint-Barthélemy;;;;;BRIN;Jonas;M;28/11/1984;38;Ingénieur et cadre technique d'entreprise;27/03/2022;;
;;;;977;Saint-Barthélemy;;;;;COINTRE;Bettina;F;12/06/1981;42;Professeur des écoles, instituteur et assimilé;27/03/2022;Vice-président de l'assemblée;27/03/2022
;;;;977;Saint-Barthélemy;;;;;DESOUCHES;Maxime;M;07/04/1963;37;Cadre administratif et commercial d'entreprise;27/03/2022;Vice-président de l'assemblée;27/03/2022
;;;;977;Saint-Barthélemy;;;;;FERNANDES PEREIRA;Sandra;F;14/04/1992;31;Profession libérale;27/03/2022;;
;;;;977;Saint-Barthélemy;;;;;GREAUX;Olivier;M;07/08/1980;33;Cadre de la fonction publique;27/03/2022;;
;;;;977;Saint-Barthélemy;;;;;JACQUES;Micheline;F;08/10/1971;75;Ancienne profession intermédiaire;27/03/2022;;
;;;;977;Saint-Barthélemy;;;;;LAKE;Melissa;F;04/10/1978;23;Chef d'entreprise de 10 salariés ou plus;27/03/2022;;
;;;;977;Saint-Barthélemy;;;;;LAPLACE;Rudy;M;04/05/1986;23;Chef d'entreprise de 10 salariés ou plus;27/03/2022;;
;;;;977;Saint-Barthélemy;;;;;LEDEE;Dimitri;M;07/11/1984;23;Chef d'entreprise de 10 salariés ou plus;27/03/2022;;
;;;;977;Saint-Barthélemy;;;;;LEDEE;Xavier;M;15/10/1980;54;Employé administratif d'entreprise;27/03/2022;Président de l'assemblée;27/03/2022
;;;;977;Saint-Barthélemy;;;;;LEDEE;Xavier;M;15/10/1980;54;Employé administratif d'entreprise;27/03/2022;Président de l'organe exécutif;03/04/2022
;;;;977;Saint-Barthélemy;;;;;MATIGNON;Francius;M;21/09/1980;37;Cadre administratif et commercial d'entreprise;27/03/2022;;
;;;;977;Saint-Barthélemy;;;;;MINARRO;Pascale;F;10/01/1691;37;Cadre administratif et commercial d'entreprise;27/03/2022;;
;;;;977;Saint-Barthélemy;;;;;QUERRARD;Fabrice;M;27/03/1988;37;Cadre administratif et commercial d'entreprise;27/03/2022;;
;;;;977;Saint-Barthélemy;;;;;QUESTEL;Alexandra;F;01/10/1993;81;Chômeur n'ayant jamais travaillé;27/03/2022;Membre de l'organe exécutif;27/03/2022
;;;;977;Saint-Barthélemy;;;;;RUBINO TESSIER;Cécile;F;22/07/1976;42;Professeur des écoles, instituteur et assimilé;27/02/2025;;
;;;;978;Saint-Martin;;;;;BELDOR;Martine;F;09/04/1990;43;Profession intermédiaire de la santé et du travail social;27/03/2022;Membre de l'organe exécutif;27/03/2022
;;;;978;Saint-Martin;;;;;CHARVILLE;Jules;M;21/11/1952;37;Cadre administratif et commercial d'entreprise;27/03/2022;;
;;;;978;Saint-Martin;;;;;COCKS;Steven;M;22/02/1994;31;Profession libérale;27/03/2022;;
;;;;978;Saint-Martin;;;;;DAMASEAU;Valérie;F;04/11/1983;37;Cadre administratif et commercial d'entreprise;27/03/2022;;
;;;;978;Saint-Martin;;;;;DANIEL;Arnel;M;27/12/1962;31;Profession libérale;27/03/2022;;
;;;;978;Saint-Martin;;;;;DAVIS;Bernadette;F;08/11/1949;77;Ancien employé;27/03/2022;Vice-président de l'assemblée;15/07/2022
;;;;978;Saint-Martin;;;;;FONROSE;Valérie;F;10/03/1969;46;Profession intermédiaire administrative et commerciale des entreprises;27/03/2022;;
;;;;978;Saint-Martin;;;;;GIBBS;Daniel;M;08/01/1968;46;Profession intermédiaire administrative et commerciale des entreprises;27/03/2022;Membre de l'organe exécutif;27/03/2022
;;;;978;Saint-Martin;;;;;GIL;Audrey;F;12/10/1979;43;Profession intermédiaire de la santé et du travail social;27/03/2022;;
;;;;978;Saint-Martin;;;;;GROS-DESORMEAUX;Alain;M;19/07/1968;37;Cadre administratif et commercial d'entreprise;27/03/2022;;
;;;;978;Saint-Martin;;;;;GUMBS;Frantz;M;21/01/1954;74;Ancien cadre;27/03/2022;;
;;;;978;Saint-Martin;;;;;LAURENCE;Angeline;F;21/10/1988;12;Agriculteur sur moyenne exploitation;27/03/2022;;
;;;;978;Saint-Martin;;;;;LOUISY;Dominique;F;04/05/1954;33;Cadre de la fonction publique;27/03/2022;Vice-président de l'assemblée;27/03/2022
;;;;978;Saint-Martin;;;;;MENARD;Marc-Gerald;M;22/09/1978;37;Cadre administratif et commercial d'entreprise;27/03/2022;;
;;;;978;Saint-Martin;;;;;MUSSINGTON;Louis;M;09/11/1961;42;Professeur des écoles, instituteur et assimilé;27/03/2022;Président de l'assemblée;27/03/2022
;;;;978;Saint-Martin;;;;;NICOLAS-REMBOTTE;Melissa;F;14/02/1976;37;Cadre administratif et commercial d'entreprise;27/03/2022;;
;;;;978;Saint-Martin;;;;;PETIT;Michel;M;09/02/1950;74;Ancien cadre;27/03/2022;Vice-président de l'assemblée;27/03/2022
;;;;978;Saint-Martin;;;;;PHILIDOR;Philippe;M;18/03/1991;31;Profession libérale;27/03/2022;;
;;;;978;Saint-Martin;;;;;PÉTRUS;Annick;F;05/01/1961;42;Professeur des écoles, instituteur et assimilé;27/03/2022;;
;;;;978;Saint-Martin;;;;;RAMPHORT;Marie Dominique;F;28/10/1956;31;Profession libérale;27/03/2022;;
;;;;978;Saint-Martin;;;;;RICHARDSON;Alain;M;31/08/1963;54;Employé administratif d'entreprise;27/03/2022;Vice-président de l'assemblée;27/03/2022
;;;;978;Saint-Martin;;;;;SANCHEZ OROSCO;Raphael;M;10/02/1994;55;Employé de commerce;27/03/2022;;
;;;;978;Saint-Martin;;;;;VENTHOU DUMAINE;Bernadette;F;12/06/1982;33;Cadre de la fonction publique;27/03/2022;;
;;;;986;Wallis Et Futuna;;;;;BAUDRY;Frédéric;M;01/10/1967;42;Professeur des écoles, instituteur et assimilé;26/03/2017;;
;;;;986;Wallis Et Futuna;;;;;FIAKAIFONU;Palatina;F;30/12/1967;33;Cadre de la fonction publique;20/03/2022;;
;;;;986;Wallis Et Futuna;;;;;GAVEAU;Charles;M;02/07/1969;22;Commerçant et assimilé;05/02/2023;;
;;;;986;Wallis Et Futuna;;;;;KELETOLONA;Samuele;M;12/01/1981;34;Professeur, profession scientifique;05/02/2023;;
;;;;986;Wallis Et Futuna;;;;;KULIMOETOKE;Mikaele;M;17/06/1963;53;Policier et militaire;26/03/2017;;
;;;;986;Wallis Et Futuna;;;;;LAGIKULA;Malia Kialiki;F;19/09/1981;35;Profession de l'information, des arts et des spectacles;20/03/2022;;
;;;;986;Wallis Et Futuna;;;;;LELEIVAI;Petelo;M;05/04/1968;45;Profession intermédiaire administrative de la fonction publique;20/03/2022;;
;;;;986;Wallis Et Futuna;;;;;MAILAGI;Soane Paulo;M;17/10/1978;46;Profession intermédiaire administrative et commerciale des entreprises;26/03/2017;;
;;;;986;Wallis Et Futuna;;;;;MOTUKU;Sosefo;M;03/08/1965;46;Profession intermédiaire administrative et commerciale des entreprises;26/03/2017;;
;;;;986;Wallis Et Futuna;;;;;MULIAKAAKA;Munipoese;M;11/04/1974;46;Profession intermédiaire administrative et commerciale des entreprises;26/03/2017;Président de l'assemblée;25/03/2022
;;;;986;Wallis Et Futuna;;;;;SEO;Mikaele;M;27/12/1971;45;Profession intermédiaire administrative de la fonction publique;26/03/2017;;
;;;;986;Wallis Et Futuna;;;;;TAGANE;Lavinia;F;09/05/1989;85;Personne diverse sans activité professionnelle de moins de 60 ans (sauf retraité);26/03/2017;;
;;;;986;Wallis Et Futuna;;;;;TAUHAVILI;Ronny;M;24/03/1989;42;Professeur des écoles, instituteur et assimilé;20/03/2022;;
;;;;986;Wallis Et Futuna;;;;;TAUKOLO;Soane;M;21/11/1972;52;Employé civil et agent de service de la fonction publique;05/02/2023;;
;;;;986;Wallis Et Futuna;;;;;TOLUAFE;Sosefo;M;30/04/1981;37;Cadre administratif et commercial d'entreprise;20/03/2022;;
;;;;986;Wallis Et Futuna;;;;;TUKUMULI;Lafaele;M;05/11/1972;85;Personne diverse sans activité professionnelle de moins de 60 ans (sauf retraité);26/03/2017;;
;;;;986;Wallis Et Futuna;;;;;UGATAI;Sandrine;F;23/06/1976;43;Profession intermédiaire de la santé et du travail social;20/03/2022;;
;;;;986;Wallis Et Futuna;;;;;VAITOOTAI;Atelea;M;12/12/1962;21;Artisan;26/03/2017;;
;;;;986;Wallis Et Futuna;;;;;VANAI;Paino;M;23/08/1964;33;Cadre de la fonction publique;20/03/2022;Vice-président de l'assemblée;30/11/2022
;;;;986;Wallis Et Futuna;;;;;VERGÉ;Lauriane;F;04/07/1980;22;Commerçant et assimilé;20/03/2022;;
;;;;987;Polynésie Française;;;;;ARAIPU;Vetea I Te Rai;M;13/06/1976;34;Professeur, profession scientifique;11/05/2023;Autre membre;11/05/2023
;;;;987;Polynésie Française;;;;;ATGER-HOI;Teumere;F;24/12/1966;22;Commerçant et assimilé;11/05/2023;Autre membre;11/05/2023
;;;;987;Polynésie Française;;;;;BOUDOUANI EPSE CHAUMETTE;Teave Leocadia;F;05/01/1969;85;Personne diverse sans activité professionnelle de moins de 60 ans (sauf retraité);11/05/2023;Autre membre;11/05/2023
;;;;987;Polynésie Française;;;;;BOURGEOIS;Frangelica;F;13/04/1978;46;Profession intermédiaire administrative et commerciale des entreprises;11/05/2023;Autre membre;11/05/2023
;;;;987;Polynésie Française;;;;;BROTHERSON;Moetai;M;22/10/1969;38;Ingénieur et cadre technique d'entreprise;11/05/2023;Président de l'organe exécutif;11/05/2023
;;;;987;Polynésie Française;;;;;BROWN;Tahia;F;06/12/1970;11;Agriculteur sur petite exploitation;11/05/2023;Autre membre;11/05/2023
;;;;987;Polynésie Française;;;;;BUILLARD;Michel;M;09/09/1950;33;Cadre de la fonction publique;11/05/2023;Autre membre;11/05/2023
;;;;987;Polynésie Française;;;;;BUTCHER;Yseult;F;04/03/1968;22;Commerçant et assimilé;11/05/2023;Autre membre;11/05/2023
;;;;987;Polynésie Française;;;;;CHAILLOUX;Steve;M;04/11/1985;34;Professeur, profession scientifique;11/05/2023;Autre membre;11/05/2023
;;;;987;Polynésie Française;;;;;COWAN;Mike;M;20/02/1980;43;Profession intermédiaire de la santé et du travail social;11/05/2023;Autre membre;11/05/2023
;;;;987;Polynésie Française;;;;;CROSS EPSE MORGANT;Hinamoeura;F;04/09/1988;31;Profession libérale;11/05/2023;Autre membre;11/05/2023
;;;;987;Polynésie Française;;;;;FAIVRE ÉPSE TUAHU;Vahinetua;F;16/04/1963;77;Ancien employé;11/05/2023;Autre membre;11/05/2023
;;;;987;Polynésie Française;;;;;FLOHR;Henri;M;04/01/1952;77;Ancien employé;11/05/2023;Autre membre;11/05/2023
;;;;987;Polynésie Française;;;;;FLORES;Bruno;M;09/09/1969;85;Personne diverse sans activité professionnelle de moins de 60 ans (sauf retraité);11/05/2023;Vice-président de l'assemblée;11/05/2023
;;;;987;Polynésie Française;;;;;FLORES;Rachelle Maire Nui;F;02/05/1979;43;Profession intermédiaire de la santé et du travail social;11/05/2023;Autre membre;11/05/2023
;;;;987;Polynésie Française;;;;;FREBAULT;Joëlle;F;07/08/1964;77;Ancien employé;11/05/2023;Autre membre;11/05/2023
;;;;987;Polynésie Française;;;;;FRITCH;Edouard;M;04/01/1952;33;Cadre de la fonction publique;11/05/2023;Autre membre;11/05/2023
;;;;987;Polynésie Française;;;;;GALENON;Minarii;F;13/02/1956;85;Personne diverse sans activité professionnelle de moins de 60 ans (sauf retraité);11/05/2023;Autre membre;11/05/2023
;;;;987;Polynésie Française;;;;;GARBUTT-HAREHOE;Thilda;F;11/12/1953;75;Ancienne profession intermédiaire;11/05/2023;Autre membre;11/05/2023
;;;;987;Polynésie Française;;;;;GEROS;Antony;M;22/07/1956;33;Cadre de la fonction publique;11/05/2023;Président de l'assemblée;11/05/2023
;;;;987;Polynésie Française;;;;;HAITI;Pascale;F;03/04/1972;31;Profession libérale;11/05/2023;Autre membre;11/05/2023
;;;;987;Polynésie Française;;;;;HAMBLIN;Ueva;M;17/06/1958;52;Employé civil et agent de service de la fonction publique;11/05/2023;Vice-président de l'assemblée;11/05/2023
;;;;987;Polynésie Française;;;;;HAUATA EPSE AH-MIN;Lana Maite;F;26/01/1971;42;Professeur des écoles, instituteur et assimilé;11/05/2023;Autre membre;11/05/2023
;;;;987;Polynésie Française;;;;;HOIORE;Tevaipaea;M;05/03/1987;42;Professeur des écoles, instituteur et assimilé;11/05/2023;Autre membre;11/05/2023
;;;;987;Polynésie Française;;;;;KAUTAI;Benoît;M;28/11/1960;77;Ancien employé;11/05/2023;Autre membre;11/05/2023
;;;;987;Polynésie Française;;;;;KOHUMOETINI;Marielle;F;18/10/1976;22;Commerçant et assimilé;11/05/2023;Autre membre;11/05/2023
;;;;987;Polynésie Française;;;;;KOHUMOETINI-RURUA;Teremuura;F;28/06/1974;45;Profession intermédiaire administrative de la fonction publique;11/05/2023;Autre membre;11/05/2023
;;;;987;Polynésie Française;;;;;LAUREY;Nuihau;M;29/12/1964;33;Cadre de la fonction publique;11/05/2023;Autre membre;11/05/2023
;;;;987;Polynésie Française;;;;;LE CAILL;Heinui;M;16/08/1976;42;Professeur des écoles, instituteur et assimilé;11/05/2023;Autre membre;11/05/2023
;;;;987;Polynésie Française;;;;;LE GAYIC;Tematai;M;11/10/2000;84;Elève, étudiant;11/05/2023;Autre membre;11/05/2023
;;;;987;Polynésie Française;;;;;LEGAYIC;Béatrice;F;23/05/1967;63;Ouvrier qualifié de type artisanal;11/05/2023;Autre membre;11/05/2023
;;;;987;Polynésie Française;;;;;LISSANT;Simplicio;M;02/08/1962;74;Ancien cadre;11/05/2023;Autre membre;11/05/2023
;;;;987;Polynésie Française;;;;;MAAMAATUAIAHUTAPU;Maurea;F;25/09/1974;42;Professeur des écoles, instituteur et assimilé;11/05/2023;Autre membre;11/05/2023
;;;;987;Polynésie Française;;;;;MAONO;Vincent Manutahi;M;05/04/1952;77;Ancien employé;11/05/2023;Autre membre;11/05/2023
;;;;987;Polynésie Française;;;;;MARAEURA;Tahuhu;M;27/03/1972;22;Commerçant et assimilé;11/05/2023;Autre membre;11/05/2023
;;;;987;Polynésie Française;;;;;MARE ÉPSE IRITI;Teura;F;07/01/1965;33;Cadre de la fonction publique;11/05/2023;Autre membre;11/05/2023
;;;;987;Polynésie Française;;;;;NIVA;Pauline;F;30/06/1960;74;Ancien cadre;11/05/2023;Autre membre;11/05/2023
;;;;987;Polynésie Française;;;;;PAHIO JENNINGS;Patricia;F;08/11/1961;43;Profession intermédiaire de la santé et du travail social;11/05/2023;Autre membre;11/05/2023
;;;;987;Polynésie Française;;;;;PUCHON;Catherine Dite Cathy;F;31/05/1957;74;Ancien cadre;11/05/2023;Autre membre;11/05/2023
;;;;987;Polynésie Française;;;;;PUNUA;Sonia;F;06/02/1959;77;Ancien employé;11/05/2023;Autre membre;11/05/2023
;;;;987;Polynésie Française;;;;;RIVETA;Frédéric;M;19/07/1954;74;Ancien cadre;11/05/2023;Autre membre;11/05/2023
;;;;987;Polynésie Française;;;;;SALMON;Allen;M;14/07/1956;42;Professeur des écoles, instituteur et assimilé;11/05/2023;Autre membre;11/05/2023
;;;;987;Polynésie Française;;;;;SAMIN ÉPOUSE HOMAI;Odette Tamara;F;26/09/1981;81;Chômeur n'ayant jamais travaillé;11/05/2023;Autre membre;11/05/2023
;;;;987;Polynésie Française;;;;;SANQUER;Nicole;F;16/06/1972;34;Professeur, profession scientifique;11/05/2023;;
;;;;987;Polynésie Française;;;;;SHIRO-ABE;Edwin;M;05/06/1950;75;Ancienne profession intermédiaire;11/05/2023;Autre membre;11/05/2023
;;;;987;Polynésie Française;;;;;TAPATI;Mitema Dit Tafai;M;06/07/1960;69;Ouvrier agricole;11/05/2023;Autre membre;11/05/2023
;;;;987;Polynésie Française;;;;;TEAGAI;Ernest Igino;M;08/02/1971;85;Personne diverse sans activité professionnelle de moins de 60 ans (sauf retraité);11/05/2023;Autre membre;11/05/2023
;;;;987;Polynésie Française;;;;;TEMARU;Oscar Manutahi;M;01/11/1944;74;Ancien cadre;11/05/2023;Autre membre;11/05/2023
;;;;987;Polynésie Française;;;;;TERAIARUE;Tevahiarii;M;05/02/1990;21;Artisan;11/05/2023;Autre membre;11/05/2023
;;;;987;Polynésie Française;;;;;TERIITAHI;Tepuaraurii Marcella;F;01/12/1977;45;Profession intermédiaire administrative de la fonction publique;11/05/2023;Autre membre;11/05/2023
;;;;987;Polynésie Française;;;;;TEROU;Pierre;M;10/07/1952;77;Ancien employé;11/05/2023;Autre membre;11/05/2023
;;;;987;Polynésie Française;;;;;TETUA;Félix;M;14/02/1964;22;Commerçant et assimilé;11/05/2023;Autre membre;11/05/2023
;;;;987;Polynésie Française;;;;;TETUANUI;Lana;F;23/02/1970;45;Profession intermédiaire administrative de la fonction publique;11/05/2023;Autre membre;11/05/2023
;;;;987;Polynésie Française;;;;;TEVAITAU EPSE VAIANUI;Jeanne;F;19/09/1967;31;Profession libérale;11/05/2023;Autre membre;11/05/2023
;;;;987;Polynésie Française;;;;;TIATOA ÉPSE PUAHIO;Sylvana;F;07/04/1965;85;Personne diverse sans activité professionnelle de moins de 60 ans (sauf retraité);11/05/2023;Autre membre;11/05/2023
;;;;987;Polynésie Française;;;;;TONG SANG;Gaston;M;07/08/1949;74;Ancien cadre;11/05/2023;Autre membre;11/05/2023
;;;;987;Polynésie Française;;;;;VANAA;Elise;F;20/09/1962;77;Ancien employé;11/05/2023;Autre membre;11/05/2023
;;;;988;Nouvelle-Calédonie;;;;;ARAMOTO VVE MOENTEAPO;Viviane;F;12/04/1960;77;Ancien employé;13/11/2024;Autre membre;13/11/2024
;;;;988;Nouvelle-Calédonie;;;;;BACKES;Sonia;F;21/05/1976;38;Ingénieur et cadre technique d'entreprise;12/05/2019;Président de l'assemblée;12/05/2019
;;;;988;Nouvelle-Calédonie;;;;;BACKES;Sonia;F;21/05/1976;38;Ingénieur et cadre technique d'entreprise;12/05/2019;;
;;;;988;Nouvelle-Calédonie;;;;;BARBIER-PONTONI;Marie-Jo;F;14/03/1962;33;Cadre de la fonction publique;12/05/2019;Autre membre;12/05/2019
;;;;988;Nouvelle-Calédonie;;;;;BARBIER-PONTONI;Marie-Jo;F;14/03/1962;33;Cadre de la fonction publique;12/05/2019;;
;;;;988;Nouvelle-Calédonie;;;;;BLAISE;Philippe;M;04/08/1969;33;Cadre de la fonction publique;12/05/2019;Vice-président de l'assemblée;12/05/2019
;;;;988;Nouvelle-Calédonie;;;;;BLAISE;Philippe;M;04/08/1969;33;Cadre de la fonction publique;12/05/2019;;
;;;;988;Nouvelle-Calédonie;;;;;BOUANOU;Ivana;F;09/12/1975;33;Cadre de la fonction publique;12/05/2019;Autre membre;12/05/2019
;;;;988;Nouvelle-Calédonie;;;;;BRIAL;Gil;M;27/11/1973;23;Chef d'entreprise de 10 salariés ou plus;12/05/2019;Vice-président de l'assemblée;12/05/2019
;;;;988;Nouvelle-Calédonie;;;;;BRIAL;Gil;M;27/11/1973;23;Chef d'entreprise de 10 salariés ou plus;12/05/2019;;
;;;;988;Nouvelle-Calédonie;;;;;BRINON;Lionnel;M;08/10/1970;33;Cadre de la fonction publique;12/05/2019;Autre membre;12/05/2019
;;;;988;Nouvelle-Calédonie;;;;;BRINON;Lionnel;M;08/10/1970;33;Cadre de la fonction publique;12/05/2019;;
;;;;988;Nouvelle-Calédonie;;;;;CHIARA EPOUSE MONTAGNAT;Pascale;F;03/05/1980;23;Chef d'entreprise de 10 salariés ou plus;12/05/2019;Autre membre;12/05/2019
;;;;988;Nouvelle-Calédonie;;;;;CHIARA EPOUSE MONTAGNAT;Pascale;F;03/05/1980;23;Chef d'entreprise de 10 salariés ou plus;12/05/2019;;
;;;;988;Nouvelle-Calédonie;;;;;CITRE;Basile Cici;M;01/01/1952;46;Profession intermédiaire administrative et commerciale des entreprises;12/05/2019;Autre membre;12/05/2019
;;;;988;Nouvelle-Calédonie;;;;;COURTOT;Robert;M;18/10/1961;23;Chef d'entreprise de 10 salariés ou plus;12/05/2019;Autre membre;12/05/2019
;;;;988;Nouvelle-Calédonie;;;;;CREUGNET;Jean Christophe Pierre;M;15/12/1973;23;Chef d'entreprise de 10 salariés ou plus;12/05/2019;Autre membre;12/05/2019
;;;;988;Nouvelle-Calédonie;;;;;CREUGNET;Jean Christophe Pierre;M;15/12/1973;23;Chef d'entreprise de 10 salariés ou plus;12/05/2019;;
;;;;988;Nouvelle-Calédonie;;;;;CUENOT;Guy-Olivier;M;06/07/1966;23;Chef d'entreprise de 10 salariés ou plus;12/05/2019;Autre membre;12/05/2019
;;;;988;Nouvelle-Calédonie;;;;;CUENOT;Guy-Olivier;M;06/07/1966;23;Chef d'entreprise de 10 salariés ou plus;12/05/2019;;
;;;;988;Nouvelle-Calédonie;;;;;DASSENOY;Martine;F;15/12/1962;85;Personne diverse sans activité professionnelle de moins de 60 ans (sauf retraité);01/12/2025;Autre membre;01/12/2025
;;;;988;Nouvelle-Calédonie;;;;;DJAIWE;Jean-Pierre;M;03/09/1955;42;Professeur des écoles, instituteur et assimilé;16/07/2021;;
;;;;988;Nouvelle-Calédonie;;;;;DJAIWE;Jean-Pierre;M;03/09/1955;42;Professeur des écoles, instituteur et assimilé;20/04/2022;Autre membre;20/04/2022
;;;;988;Nouvelle-Calédonie;;;;;DUNOYER;Philippe;M;11/01/1968;33;Cadre de la fonction publique;12/05/2019;Autre membre;12/05/2019
;;;;988;Nouvelle-Calédonie;;;;;DUNOYER;Philippe;M;11/01/1968;33;Cadre de la fonction publique;12/05/2019;;
;;;;988;Nouvelle-Calédonie;;;;;EURISOUKE;Valentine;F;23/07/1961;47;Technicien;06/08/2021;;
;;;;988;Nouvelle-Calédonie;;;;;EURISOUKE;Valentine;F;23/07/1961;47;Technicien;20/04/2022;Vice-président de l'assemblée;16/01/2025
;;;;988;Nouvelle-Calédonie;;;;;FAIRBANK;Pierre;M;27/07/1971;46;Profession intermédiaire administrative et commerciale des entreprises;01/12/2025;Autre membre;01/12/2025
;;;;988;Nouvelle-Calédonie;;;;;FALAEO;Veylma;F;24/08/1982;33;Cadre de la fonction publique;12/05/2019;Autre membre;12/05/2019
;;;;988;Nouvelle-Calédonie;;;;;FALAEO;Veylma;F;24/08/1982;33;Cadre de la fonction publique;12/05/2019;Président de l'assemblée;29/08/2024
;;;;988;Nouvelle-Calédonie;;;;;FAVREAU;Jean-Gabriel;M;05/01/1985;33;Cadre de la fonction publique;03/11/2025;Autre membre;03/11/2025
;;;;988;Nouvelle-Calédonie;;;;;FAVREAU;Jean-Gabriel;M;05/01/1985;33;Cadre de la fonction publique;12/05/2019;Autre membre;12/05/2019
;;;;988;Nouvelle-Calédonie;;;;;FROGIER;Brieuc;M;11/09/1981;31;Profession libérale;12/05/2019;Autre membre;12/05/2019
;;;;988;Nouvelle-Calédonie;;;;;FROGIER;Brieuc;M;11/09/1981;31;Profession libérale;12/05/2019;;
;;;;988;Nouvelle-Calédonie;;;;;GOA;Daniel;M;14/06/1953;11;Agriculteur sur petite exploitation;12/05/2019;Autre membre;12/05/2019
;;;;988;Nouvelle-Calédonie;;;;;GOA;Daniel;M;14/06/1953;11;Agriculteur sur petite exploitation;12/05/2019;;
;;;;988;Nouvelle-Calédonie;;;;;GOA;Patricia Marie-Andrée;F;04/12/1969;52;Employé civil et agent de service de la fonction publique;12/05/2019;Autre membre;12/05/2019
;;;;988;Nouvelle-Calédonie;;;;;GOROMIDO;Joseph Apangou;M;09/02/1959;77;Ancien employé;12/05/2019;Autre membre;12/05/2019
;;;;988;Nouvelle-Calédonie;;;;;GOROMIDO;Joseph Apangou;M;09/02/1959;77;Ancien employé;12/05/2019;;
;;;;988;Nouvelle-Calédonie;;;;;HEO;Nadia;F;20/12/1967;42;Professeur des écoles, instituteur et assimilé;12/05/2019;Autre membre;12/05/2019
;;;;988;Nouvelle-Calédonie;;;;;HEO;Nadia;F;20/12/1967;42;Professeur des écoles, instituteur et assimilé;12/05/2019;;
;;;;988;Nouvelle-Calédonie;;;;;HERLIN EPOUSE JALABERT;Nadine;F;04/10/1965;33;Cadre de la fonction publique;12/05/2019;Autre membre;12/05/2019
;;;;988;Nouvelle-Calédonie;;;;;HERLIN EPOUSE JALABERT;Nadine;F;04/10/1965;33;Cadre de la fonction publique;12/05/2019;Vice-président de l'assemblée;16/01/2025
;;;;988;Nouvelle-Calédonie;;;;;HNEPEUNE;Neko;M;21/04/1954;74;Ancien cadre;27/12/2024;Vice-président de l'assemblée;05/01/2026
;;;;988;Nouvelle-Calédonie;;;;;JULIÉ;Nina;F;08/12/1979;34;Professeur, profession scientifique;01/12/2025;Autre membre;01/12/2025
;;;;988;Nouvelle-Calédonie;;;;;JULIÉ;Nina;F;08/12/1979;34;Professeur, profession scientifique;12/05/2019;Autre membre;12/05/2019
;;;;988;Nouvelle-Calédonie;;;;;KALOI EP BEARUNE;Isabelle;F;22/08/1970;46;Profession intermédiaire administrative et commerciale des entreprises;12/05/2019;Autre membre;12/05/2019
;;;;988;Nouvelle-Calédonie;;;;;KALOI EP BEARUNE;Isabelle;F;22/08/1970;46;Profession intermédiaire administrative et commerciale des entreprises;12/05/2019;;
;;;;988;Nouvelle-Calédonie;;;;;KAPOERI;Robert;M;28/10/1954;74;Ancien cadre;12/05/2019;Autre membre;27/12/2024
;;;;988;Nouvelle-Calédonie;;;;;KAYS;Jean;M;15/11/1975;52;Employé civil et agent de service de la fonction publique;01/12/2025;Autre membre;01/12/2025
;;;;988;Nouvelle-Calédonie;;;;;KAYS;Jean;M;15/11/1975;52;Employé civil et agent de service de la fonction publique;12/05/2019;Autre membre;12/05/2019
;;;;988;Nouvelle-Calédonie;;;;;KHAC;Emmanuelle;F;25/09/1988;11;Agriculteur sur petite exploitation;12/05/2019;Autre membre;12/05/2019
;;;;988;Nouvelle-Calédonie;;;;;KHAC;Emmanuelle;F;25/09/1988;11;Agriculteur sur petite exploitation;12/05/2019;;
;;;;988;Nouvelle-Calédonie;;;;;KOUATHE;Inès;F;31/05/1975;85;Personne diverse sans activité professionnelle de moins de 60 ans (sauf retraité);12/05/2019;Autre membre;12/05/2019
;;;;988;Nouvelle-Calédonie;;;;;KOUATHE;Inès;F;31/05/1975;85;Personne diverse sans activité professionnelle de moins de 60 ans (sauf retraité);12/05/2019;Vice-président de l'assemblée;29/08/2024
;;;;988;Nouvelle-Calédonie;;;;;KUIESINE EP WRIGHT;Kadrilé;F;14/10/1965;42;Professeur des écoles, instituteur et assimilé;12/05/2019;Autre membre;12/05/2019
;;;;988;Nouvelle-Calédonie;;;;;KUIESINE EP WRIGHT;Kadrilé;F;14/10/1965;42;Professeur des écoles, instituteur et assimilé;12/05/2019;;
;;;;988;Nouvelle-Calédonie;;;;;LAVELLOI;Julienne Marie-Josée;F;16/08/1971;45;Profession intermédiaire administrative de la fonction publique;12/05/2019;Autre membre;27/12/2024
;;;;988;Nouvelle-Calédonie;;;;;LECOURIEUX;Yoann;M;22/09/1972;33;Cadre de la fonction publique;07/01/2025;;
;;;;988;Nouvelle-Calédonie;;;;;LECOURIEUX;Yoann;M;22/09/1972;33;Cadre de la fonction publique;24/12/2024;Autre membre;24/12/2024
;;;;988;Nouvelle-Calédonie;;;;;MACHORO EP REIGNIER;Caroline;F;19/10/1952;74;Ancien cadre;12/05/2019;Autre membre;12/05/2019
;;;;988;Nouvelle-Calédonie;;;;;MACHORO EP REIGNIER;Caroline;F;19/10/1952;74;Ancien cadre;12/05/2019;Vice-président de l'assemblée;29/08/2024
;;;;988;Nouvelle-Calédonie;;;;;MALFAR-PAUGA;Muriel;F;26/01/1968;52;Employé civil et agent de service de la fonction publique;12/05/2019;Autre membre;12/05/2019
;;;;988;Nouvelle-Calédonie;;;;;MALFAR-PAUGA;Muriel;F;26/01/1968;52;Employé civil et agent de service de la fonction publique;12/05/2019;Vice-président de l'assemblée;29/08/2024
;;;;988;Nouvelle-Calédonie;;;;;MANUOHALALO;Magali;F;04/11/1971;31;Profession libérale;12/05/2019;Autre membre;12/05/2019
;;;;988;Nouvelle-Calédonie;;;;;MANUOHALALO;Magali;F;04/11/1971;31;Profession libérale;12/05/2019;;
;;;;988;Nouvelle-Calédonie;;;;;MAPOU;Louis;M;14/11/1958;33;Cadre de la fonction publique;07/01/2025;;
;;;;988;Nouvelle-Calédonie;;;;;MAPOU;Louis;M;14/11/1958;33;Cadre de la fonction publique;24/12/2024;Autre membre;24/12/2024
;;;;988;Nouvelle-Calédonie;;;;;METZDORF;Nicolas;M;20/05/1988;38;Ingénieur et cadre technique d'entreprise;12/05/2019;Autre membre;12/05/2019
;;;;988;Nouvelle-Calédonie;;;;;METZDORF;Nicolas;M;20/05/1988;38;Ingénieur et cadre technique d'entreprise;12/05/2019;;
;;;;988;Nouvelle-Calédonie;;;;;MULIAVA;Vaimua;M;02/06/1975;33;Cadre de la fonction publique;29/08/2024;Autre membre;29/08/2024
;;;;988;Nouvelle-Calédonie;;;;;MULIAVA;Vaimua;M;02/06/1975;33;Cadre de la fonction publique;29/08/2024;;
;;;;988;Nouvelle-Calédonie;;;;;NAISSELINE;Omayra;F;17/03/1986;33;Cadre de la fonction publique;12/05/2019;Autre membre;27/12/2024
;;;;988;Nouvelle-Calédonie;;;;;NAISSELINE;Omayra;F;17/03/1986;33;Cadre de la fonction publique;12/05/2019;;
;;;;988;Nouvelle-Calédonie;;;;;NEAOUTYINE;Paul Tyaou;M;12/10/1951;11;Agriculteur sur petite exploitation;12/05/2019;Président de l'assemblée;12/05/2019
;;;;988;Nouvelle-Calédonie;;;;;NEAOUTYINE;Paul Tyaou;M;12/10/1951;11;Agriculteur sur petite exploitation;12/05/2019;;
;;;;988;Nouvelle-Calédonie;;;;;OUASSAOUA EP HONEME;Christiane;F;22/10/1979;85;Personne diverse sans activité professionnelle de moins de 60 ans (sauf retraité);12/05/2019;Autre membre;12/05/2019
;;;;988;Nouvelle-Calédonie;;;;;PAAGALUA;Lionel;M;26/07/1972;52;Employé civil et agent de service de la fonction publique;12/05/2019;Autre membre;12/05/2019
;;;;988;Nouvelle-Calédonie;;;;;PABOUTY;Sylvain;M;03/02/1963;33;Cadre de la fonction publique;12/05/2019;Autre membre;12/05/2019
;;;;988;Nouvelle-Calédonie;;;;;PABOUTY;Sylvain;M;03/02/1963;33;Cadre de la fonction publique;12/05/2019;Vice-président de l'assemblée;29/08/2024
;;;;988;Nouvelle-Calédonie;;;;;QAEZE;Jinezi Annie;F;07/10/1988;38;Ingénieur et cadre technique d'entreprise;12/05/2019;Autre membre;12/05/2019
;;;;988;Nouvelle-Calédonie;;;;;QAEZE;Jinezi Annie;F;07/10/1988;38;Ingénieur et cadre technique d'entreprise;12/05/2019;;
;;;;988;Nouvelle-Calédonie;;;;;RUFFENACH;Virginie;F;19/09/1973;42;Professeur des écoles, instituteur et assimilé;12/05/2019;Autre membre;12/05/2019
;;;;988;Nouvelle-Calédonie;;;;;RUFFENACH;Virginie;F;19/09/1973;42;Professeur des écoles, instituteur et assimilé;12/05/2019;Vice-président de l'assemblée;29/08/2024
;;;;988;Nouvelle-Calédonie;;;;;SAKILIA;Marilyn Yvonne;F;06/03/1971;31;Profession libérale;12/05/2019;Autre membre;12/05/2019
;;;;988;Nouvelle-Calédonie;;;;;SAKILIA;Marilyn Yvonne;F;06/03/1971;31;Profession libérale;12/05/2019;;
;;;;988;Nouvelle-Calédonie;;;;;SAKO;Aloisio;M;30/08/1948;74;Ancien cadre;12/05/2019;Autre membre;12/05/2019
;;;;988;Nouvelle-Calédonie;;;;;SALIGA;Alesio;M;13/05/1962;85;Personne diverse sans activité professionnelle de moins de 60 ans (sauf retraité);12/05/2019;Autre membre;12/05/2019
;;;;988;Nouvelle-Calédonie;;;;;SALIGA;Alesio;M;13/05/1962;85;Personne diverse sans activité professionnelle de moins de 60 ans (sauf retraité);12/05/2019;;
;;;;988;Nouvelle-Calédonie;;;;;SALIGA ÉP LUTOVIKA;Maria Isabella;F;09/12/1971;23;Chef d'entreprise de 10 salariés ou plus;12/05/2019;Autre membre;12/05/2019
;;;;988;Nouvelle-Calédonie;;;;;SARIDJAN;Christiane;F;20/07/1967;22;Commerçant et assimilé;12/05/2019;Autre membre;12/05/2019
;;;;988;Nouvelle-Calédonie;;;;;SAWA;Pascal;M;10/03/1982;33;Cadre de la fonction publique;12/05/2019;Autre membre;12/05/2019
;;;;988;Nouvelle-Calédonie;;;;;SAWA;Pascal;M;10/03/1982;33;Cadre de la fonction publique;12/05/2019;;
;;;;988;Nouvelle-Calédonie;;;;;SUVE;Françoise;F;28/12/1962;33;Cadre de la fonction publique;12/05/2019;Autre membre;12/05/2019
;;;;988;Nouvelle-Calédonie;;;;;SUVE;Françoise;F;28/12/1962;33;Cadre de la fonction publique;12/05/2019;;
;;;;988;Nouvelle-Calédonie;;;;;TEIN-TAOUVA;Hervé Maguei;M;24/07/1976;85;Personne diverse sans activité professionnelle de moins de 60 ans (sauf retraité);12/05/2019;Autre membre;12/05/2019
;;;;988;Nouvelle-Calédonie;;;;;TIDJINE-HMAE;Henriette;F;04/08/1966;45;Profession intermédiaire administrative de la fonction publique;12/05/2019;Autre membre;12/05/2019
;;;;988;Nouvelle-Calédonie;;;;;TIDJINE-HMAE;Henriette;F;04/08/1966;45;Profession intermédiaire administrative de la fonction publique;12/05/2019;;
;;;;988;Nouvelle-Calédonie;;;;;TIEOUE;Ithupane;F;14/03/1958;47;Technicien;12/05/2019;Autre membre;12/05/2019
;;;;988;Nouvelle-Calédonie;;;;;TIEOUE;Ithupane;F;14/03/1958;47;Technicien;12/05/2019;;
;;;;988;Nouvelle-Calédonie;;;;;TRAN AP;Julien;M;26/10/1983;33;Cadre de la fonction publique;03/11/2025;Autre membre;03/11/2025
;;;;988;Nouvelle-Calédonie;;;;;TRIPODI;Léa;F;25/01/1977;46;Profession intermédiaire administrative et commerciale des entreprises;12/05/2019;Autre membre;12/05/2019
;;;;988;Nouvelle-Calédonie;;;;;TUFELE;Aniseta;F;21/04/1963;52;Employé civil et agent de service de la fonction publique;12/05/2019;Autre membre;12/05/2019
;;;;988;Nouvelle-Calédonie;;;;;TUFELE;Aniseta;F;21/04/1963;52;Employé civil et agent de service de la fonction publique;12/05/2019;;
;;;;988;Nouvelle-Calédonie;;;;;TUKUMULI;Milakulo;M;19/01/1984;74;Ancien cadre;12/05/2019;Vice-président de l'assemblée;12/05/2019
;;;;988;Nouvelle-Calédonie;;;;;TUKUMULI;Milakulo;M;19/01/1984;74;Ancien cadre;12/05/2019;;
;;;;988;Nouvelle-Calédonie;;;;;TUTUGORO;Pierre Chanel;M;31/12/1967;77;Ancien employé;12/05/2019;Autre membre;12/05/2019
;;;;988;Nouvelle-Calédonie;;;;;TUTUGORO;Pierre Chanel;M;31/12/1967;77;Ancien employé;12/05/2019;;
;;;;988;Nouvelle-Calédonie;;;;;TUTUGORO;Victor;M;01/05/1956;42;Professeur des écoles, instituteur et assimilé;12/05/2019;Vice-président de l'assemblée;12/05/2019
;;;;988;Nouvelle-Calédonie;;;;;VENDEGOU;Laura;F;04/12/1983;54;Employé administratif d'entreprise;12/05/2019;Autre membre;12/05/2019
;;;;988;Nouvelle-Calédonie;;;;;VENDEGOU;Laura;F;04/12/1983;54;Employé administratif d'entreprise;12/05/2019;;
;;;;988;Nouvelle-Calédonie;;;;;VENDEGOU-HUE;Reine;F;16/06/1956;77;Ancien employé;12/05/2019;Autre membre;12/05/2019
;;;;988;Nouvelle-Calédonie;;;;;VENDEGOU-HUE;Reine;F;16/06/1956;77;Ancien employé;29/11/2024;Autre membre;29/11/2024
;;;;988;Nouvelle-Calédonie;;;;;WACAPO;Vanessa;F;21/04/1977;37;Cadre administratif et commercial d'entreprise;07/01/2025;Autre membre;07/01/2025
;;;;988;Nouvelle-Calédonie;;;;;WACKENTHALER EP FAIVRE;Nadège;F;03/01/1963;33;Cadre de la fonction publique;12/05/2019;Vice-président de l'assemblée;12/05/2019
;;;;988;Nouvelle-Calédonie;;;;;WACKENTHALER EP FAIVRE;Nadège;F;03/01/1963;33;Cadre de la fonction publique;12/05/2019;;
;;;;988;Nouvelle-Calédonie;;;;;WAHETRA;Louise Walisaune;F;06/04/1970;42;Professeur des écoles, instituteur et assimilé;12/05/2019;Vice-président de l'assemblée;05/01/2026
;;;;988;Nouvelle-Calédonie;;;;;WAHETRA;Louise Walisaune;F;06/04/1970;42;Professeur des écoles, instituteur et assimilé;12/05/2019;;
;;;;988;Nouvelle-Calédonie;;;;;WAKA;Maria;F;27/09/1976;11;Agriculteur sur petite exploitation;12/05/2019;Autre membre;12/05/2019
;;;;988;Nouvelle-Calédonie;;;;;WAKA;Maria;F;27/09/1976;11;Agriculteur sur petite exploitation;12/05/2019;;
;;;;988;Nouvelle-Calédonie;;;;;WAMYTAN;Roch;M;13/12/1950;33;Cadre de la fonction publique;12/05/2019;Autre membre;12/05/2019
;;;;988;Nouvelle-Calédonie;;;;;WAMYTAN;Roch;M;13/12/1950;33;Cadre de la fonction publique;12/05/2019;;
;;;;988;Nouvelle-Calédonie;;;;;WANEUX;Mathias;M;16/10/1955;52;Employé civil et agent de service de la fonction publique;12/05/2019;Président de l'assemblée;05/01/2026
;;;;988;Nouvelle-Calédonie;;;;;WANEUX;Mathias;M;16/10/1955;52;Employé civil et agent de service de la fonction publique;12/05/2019;;
;;;;988;Nouvelle-Calédonie;;;;;WASHETINE;Charles;M;04/11/1956;37;Cadre administratif et commercial d'entreprise;12/05/2019;Autre membre;12/05/2019
;;;;988;Nouvelle-Calédonie;;;;;WASHETINE;Charles;M;04/11/1956;37;Cadre administratif et commercial d'entreprise;12/05/2019;;
;;;;988;Nouvelle-Calédonie;;;;;WEA;Anselme;M;13/04/1979;11;Agriculteur sur petite exploitation;12/05/2019;Autre membre;12/05/2019
;;;;988;Nouvelle-Calédonie;;;;;WEISS;Wilfrid;M;31/03/1957;74;Ancien cadre;08/01/2025;;
;;;;988;Nouvelle-Calédonie;;;;;WEISS;Wilfrid;M;31/03/1957;74;Ancien cadre;12/05/2019;Autre membre;12/05/2019
;;;;988;Nouvelle-Calédonie;;;;;YEIWENE;Charles;M;04/05/1966;46;Profession intermédiaire administrative et commerciale des entreprises;12/05/2019;Vice-président de l'assemblée;05/01/2026
